date,open,high,low,close,volume,Dividends,Stock Splits,daily_range,gap,ret_1d,ret_1d_z,gap_pct,daily_range_pct,ma_5,ma_20,ma_ratio_5_20,ret_vol_10,volume_z20,rsi_14,macd,macd_signal
2024-08-16 04:00:00+00:00,222.88270038911833,225.77922361016536,222.6139468974481,225.0028381347656,44340200,0.0,0.0,3.165276712717258,,,,,0.014067719051709976,,,,,,,0.0,0.0
2024-08-19 04:00:00+00:00,224.6743714872065,224.94312498661264,222.0067784736323,224.8435821533203,40687800,0.0,0.0,2.93634651298035,-0.0014598333526901,-0.0707795433895319,-0.0507411848569715,-0.0014598333526901763,0.013059507791412354,,,,,,,-0.012704180856047742,-0.0025408361712095486
2024-08-20 04:00:00+00:00,224.72414631778545,226.11765487642407,224.4056213968942,225.4607086181641,30299000,0.0,0.0,1.7120334795298788,-0.000531195217542,0.2744692372063984,0.1201036292924645,-0.0005311952175419687,0.007593489304734448,,,,,,,0.026716639667142772,0.003310658996460916
2024-08-21 04:00:00+00:00,225.47065071716543,226.92387876417723,224.00745927475185,225.3511962890625,34765500,0.0,0.0,2.9164194894253797,4.409681430644946e-05,-0.048572689127424,-0.0397522223971917,4.4096814306504584e-05,0.012941664111178846,,,,,,,0.048561408528598804,0.012360808902888494
2024-08-22 04:00:00+00:00,226.73477629352783,227.2822315048041,222.86279698192573,223.48988342285156,43695300,0.0,0.0,4.419434522878362,0.0061396612365464,-0.8259609431242598,-0.4244393212098141,0.006139661236546523,0.019774651340779572,224.82964172363282,,,,,,-0.08335794888202486,-0.0067829426540941765
2024-08-23 04:00:00+00:00,224.61464290366072,227.16278137803025,223.29080225181497,225.78916931152344,38677300,0.0,0.0,3.87197912621528,0.0050327087006487,1.0288098295355708,0.4933856958631353,0.005032708700648758,0.01714864861774248,224.98690795898438,,,,,,-0.002344805319552279,-0.005895315187185797
2024-08-26 04:00:00+00:00,225.70952621277567,226.2271215594374,222.8528263811224,226.12757873535156,30602200,0.0,0.0,3.3742951783149806,-0.0003527321482718,0.1498785016393888,0.0584504613190793,-0.000352732148271806,0.014922086006431296,225.24370727539062,,,,,,0.08814937578625859,0.01291362300750308
2024-08-27 04:00:00+00:00,224.95305327681544,227.7898567053261,223.84819475275475,226.97364807128903,35934600,0.0,0.0,3.9416619525713377,-0.0051940832034058,0.374155749010896,0.1694330535790559,-0.005194083203405864,0.017366165570609854,225.54629516601562,,,,,,0.22553753449625447,0.05543840530525336
2024-08-28 04:00:00+00:00,226.864148811834,228.7951641071056,224.6345202420592,225.44078063964844,38052200,0.0,0.0,4.1606438650463815,-0.0004824315967315,-0.675350396253549,-0.3499103660469386,-0.00048243159673155844,0.01845559553706871,225.5642120361328,,,,,,0.20832757843163563,0.08601623993052981
2024-08-29 04:00:00+00:00,229.03408635152135,231.8410150307569,227.8197366882459,228.7255096435547,51906300,0.0,0.0,4.021278342510982,0.0159390226634131,1.457025208387952,0.7052861598986274,0.01593902266341307,0.017581241151359693,226.61133728027343,,,,,,0.4544995552917044,0.15971290300276475
2024-08-30 04:00:00+00:00,229.123652992766,229.33267166766268,226.42620031745173,227.9391632080078,52990800,0.0,0.0,2.90647135021095,0.001740703736246,-0.3437948118565015,-0.1858415687618398,0.0017407037362460187,0.01275108370718473,227.0413360595703,,,0.707799938469469,,,0.5794613650353995,0.2436625954092917
2024-09-03 04:00:00+00:00,227.49124477575393,227.93915711237167,220.1454277780532,221.7380218505859,50190600,0.0,0.0,7.793729334318471,-0.0019650788655617,-2.720524753248743,-1.3619557448052009,-0.0019650788655617424,0.03514836683972103,226.16342468261718,,,1.1499964354737933,,,0.17608442546719516,0.2301469614208724
2024-09-04 04:00:00+00:00,220.6331648046219,220.75260404502964,216.47252073588623,219.8269195556641,43840200,0.0,0.0,4.280083309143407,-0.0049827135497243,-0.8618739713523671,-0.4422107225239156,-0.004982713549724349,0.019470241942136726,224.73407897949218,,,1.1613476548272343,,,-0.2944109031394646,0.125235388508805
2024-09-05 04:00:00+00:00,220.60329739500975,224.4354530444055,220.49380636570692,221.34982299804688,36615400,0.0,0.0,3.9416466786985898,0.0035317687247537,0.6927738629377345,0.3270998014949101,0.003531768724753803,0.017807317960825155,223.91588745117187,,,1.1984636102964996,,,-0.5381923144430232,-0.007450152081560632
2024-09-06 04:00:00+00:00,222.9125635200513,224.1965961864048,218.75193438162455,219.7970733642578,48423000,0.0,0.0,5.444661804780253,0.0070600486634145,-0.7014912470938661,-0.3628460491094923,0.0070600486634146975,0.024771311653258955,222.1302001953125,,,1.191549087411849,,33.512653925298906,-0.8469219685649705,-0.1753445153782426
2024-09-09 04:00:00+00:00,219.79706302441255,220.24497537072617,215.7061019102892,219.8866424560547,67180000,0.0,0.0,4.5388734604369745,-4.7042688524571454e-08,0.0407508118401622,0.0044491123494316,-4.70426885224029e-08,0.020641878968814982,220.5196960449219,,,1.120884154753596,,33.880772401215125,-1.072007531069147,-0.35467711851642353
2024-09-10 04:00:00+00:00,217.905857501112,220.45399594379384,215.72600018375593,219.09034729003903,51591000,0.0,0.0,4.727995760037913,-0.009008209561154,-0.362138944467627,-0.194919080697641,-0.009008209561154001,0.02158011897155303,219.9901611328125,,,1.1117968459483234,,32.17519886341897,-1.2996621299660376,-0.5436741208063464
2024-09-11 04:00:00+00:00,220.4340868524661,222.05652550259595,216.88061769002928,221.62852478027344,44587100,0.0,0.0,5.175907812566663,0.006133266841958,1.1585072193410095,0.5575658688350145,0.006133266841958029,0.023353978544495356,220.35048217773436,,,1.1903233535421145,,42.168602442472235,-1.2607373335279135,-0.6870867633506598
2024-09-12 04:00:00+00:00,221.46926837337423,222.5144072842174,218.80169076819996,221.7380218505859,37455600,0.0,0.0,3.7127165160174513,-0.000718573599933,0.0494056757454952,0.0087319330239696,-0.0007185735999329923,0.016743707213728087,220.4281219482422,,,1.1823407468789673,,42.561782107910815,-1.2071385120938771,-0.7910971130993033
2024-09-13 04:00:00+00:00,222.54428285449177,223.00214343080088,220.8820208371711,221.4692840576172,36766600,0.0,0.0,2.1201225936297874,0.0036360972158809,-0.1211960811798862,-0.0756895829772592,0.0036360972158808735,0.009572987074262717,220.76256408691407,223.58343582153321,-0.012616640066622775,1.0393240654836928,-0.6900571686615463,41.81046498156219,-1.1728263418955578,-0.8674429588585543
2024-09-16 04:00:00+00:00,215.53686848493908,216.213726272445,212.9290105348456,215.31790161132812,59357400,0.0,0.0,3.284715737599413,-0.0267866291161836,-2.777532998521237,-1.3901660198762764,-0.02678662911618357,0.01525519110588713,219.84881591796875,223.09918899536132,-0.014569183743021852,1.29885207782382,1.6231228551938568,29.133306313380544,-1.6232866163228152,-1.0186116903514066
2024-09-17 04:00:00+00:00,214.75053008791312,215.89519659483264,213.50632075947792,215.78570556640625,45519300,0.0,0.0,2.3888758353547246,-0.0026350411144131,0.2172619887047533,0.0917948783639482,-0.0026350411144131503,0.011070593527426996,219.1878875732422,222.64629516601562,-0.015533191738917873,1.0676199551060572,0.16564904284997192,30.850432611763708,-1.9203946455536425,-1.1989682813918539
2024-09-18 04:00:00+00:00,216.54221012404864,221.67831024616868,216.5322467283196,219.66766357421875,59894900,0.0,0.0,5.146063517849086,0.0035058140466564,1.7989875638995343,0.8745047013012567,0.003505814046656397,0.0234265864812205,218.79571533203125,222.35664291381835,-0.016014487065121097,1.2230356417363621,1.4925769464453043,43.158671472985,-1.821614888395544,-1.323497602792592
2024-09-19 04:00:00+00:00,223.94775287051627,228.75538000957175,223.58941994126667,227.8097686767578,66781300,0.0,0.0,5.165960068305083,0.0194843848505331,3.706556062944655,1.8184564370152911,0.019484384850533054,0.022676639804832643,220.01006469726562,222.4795715332031,-0.0110999262490441,1.6936317225308626,1.88849495924993,59.45833350321973,-1.0739515389848577,-1.2735883900310452
2024-09-20 04:00:00+00:00,228.90467282845125,232.01021467188832,226.5655530501552,227.1428680419922,318679900,0.0,0.0,5.4446616217331325,0.0048062212522897,-0.2927445291917685,-0.1605795648263643,0.0048062212522896886,0.02397020724739009,221.14478149414063,222.66222076416017,-0.006814983093278215,1.6715397071861833,4.187023389307975,57.99147690454814,-0.5291366971887328,-1.1246980514625828
2024-09-23 04:00:00+00:00,226.2868480598011,228.38707413181643,224.7639369712135,225.42088317871097,54146000,0.0,0.0,3.623137160602937,-0.0037686412501969,-0.7581065072062354,-0.390861857232621,-0.0037686412501969357,0.016072766238479145,223.16537780761718,222.64380645751953,0.002342626810044157,1.7062541317614124,-0.12017773225832692,54.26861805202454,-0.23362372821205213,-0.9464831868124768
2024-09-24 04:00:00+00:00,227.59078065470555,228.28755007923567,224.6843092769655,226.31671142578125,43556100,0.0,0.0,3.603240802270165,0.0096259824972574,0.3974025096690203,0.1809366090655036,0.009625982497257546,0.015921231709182988,225.27157897949218,222.65326309204102,0.011759611564142292,1.6922363423973836,-0.3045474659518882,55.85629199837789,0.07202798774068242,-0.742780951901845
2024-09-25 04:00:00+00:00,223.88801837861104,226.2370864319121,222.98224544035924,225.32135009765625,42308700,0.0,0.0,3.254840991552868,-0.010731390677558,-0.4398090277356381,-0.2333537738426542,-0.010731390677558017,0.014445328816564393,226.40231628417968,222.57064819335938,0.017215513913997782,1.6815601694570819,-0.3308563965200676,53.62845716523433,0.23127583032908205,-0.5479695954556596
2024-09-26 04:00:00+00:00,226.24703661091272,227.44147457763864,224.3657926365912,226.4660186767578,36636700,0.0,0.0,3.075681941047435,0.0041082947215399,0.5080160307070036,0.2356732149748128,0.004108294721540062,0.013581207277889466,226.1335662841797,222.62191009521484,0.01577408165918137,1.6839148355361617,-0.4224620600539316,55.811220146529855,0.44471962977448243,-0.3494317504096312
2024-09-27 04:00:00+00:00,227.40166606122023,228.45675318264773,226.24703611440785,226.73475646972656,34026000,0.0,0.0,2.2097170682398826,0.0041315133719813,0.1186658354039194,0.0430050131037294,0.004131513371981477,0.009745824163199796,226.05194396972655,222.52237243652343,0.01586164795276912,1.6801574008659643,-0.44844042556489644,56.330932003416066,0.6283174204625652,-0.15388191623519193
2024-09-30 04:00:00+00:00,228.9743594736852,231.920654296875,228.58616671135624,231.920654296875,54541900,0.0,0.0,3.334487585518758,0.0098776342843479,2.287209031333859,1.1160989097546763,0.009877634284347847,0.014377708598779546,227.35189819335938,222.7214469909668,0.0207903247080663,1.408191998218487,-0.11518949735851404,64.90799644521144,1.17869138603956,0.11263274421975847
2024-10-01 04:00:00+00:00,228.45675818805825,228.5861456381701,222.70353511874544,225.16209411621097,63285000,0.0,0.0,5.882610519424674,-0.0149356947931973,-2.914169158910962,-1.4577798124219936,-0.01493569479319734,0.02612611391146741,227.1209747314453,222.89265060424805,0.018970226769409182,1.8268365884890394,0.016739007991228978,50.881743999062664,1.0573192775806604,0.3015700508919389
2024-10-02 04:00:00+00:00,224.84358511910924,226.31672490502265,221.98688498556473,225.72946166992188,32880600,0.0,0.0,4.329839919457925,-0.0014145764559168,0.2519818248883698,0.108975833934161,-0.001414576455916916,0.01918154541027229,227.20259704589844,223.18777770996093,0.017988526867967147,1.7634840351337655,-0.46895064227385896,51.82293715582674,0.9954380370319029,0.4403436481199317
2024-10-03 04:00:00+00:00,224.09704443839323,225.75930638603796,222.28548343692833,224.6245880126953,34044200,0.0,0.0,3.473822949109632,-0.0072317420129929,-0.4894680778719906,-0.257927332586985,-0.0072317420129929255,0.015465016451864561,226.83431091308594,223.35151596069335,0.015593334737004971,1.2967294904856095,-0.4475115664653663,49.82086426003613,0.8474734908741368,0.5217696166707727
2024-10-04 04:00:00+00:00,226.8442543024003,226.9437971307691,223.09172964492672,225.74935913085935,37245100,0.0,0.0,3.852067485842383,0.009881671055439,0.5007337478568852,0.2320696098933854,0.009881671055439023,0.017063470304735033,226.6372314453125,223.64913024902344,0.013360665400137917,1.310083454182429,-0.38531021490723855,51.8597929483088,0.81161436595022,0.5797385665266622
2024-10-07 04:00:00+00:00,223.46000516495792,224.6444949275546,220.30469199255063,220.66302490234375,39505400,0.0,0.0,4.3398029350039735,-0.010141131628083,-2.253089110905171,-1.1306473088849749,-0.010141131628083055,0.019667105247580963,224.38570556640624,223.68794937133788,0.0031193284977102387,1.4743861983010162,-0.3253946011763662,43.292939193639874,0.36852298356757274,0.5374954499348443
2024-10-08 04:00:00+00:00,223.26094483680063,224.93315503301395,222.2158058701156,224.72413635253903,31855700,0.0,0.0,2.7173491628983584,0.0117732453618208,1.8404132056073053,0.8950039947277797,0.011773245361820894,0.012091932833754359,224.29811401367186,223.9696388244629,0.001466605879855143,1.6045728904603782,-0.4310391730753167,50.34588457716804,0.3411352300518047,0.49822340595823644
2024-10-09 04:00:00+00:00,224.1866374402548,228.6857031876272,223.78849648056692,228.47666931152344,33591100,0.0,0.0,4.897206707060292,-0.002391816566784,1.6698397510348295,0.8105964840192381,-0.0023918165667839997,0.02143416534308388,224.8475555419922,224.3120460510254,0.002387341653711239,1.6855758224364705,-0.39314838667936364,55.81450072173696,0.6151373659906199,0.5216061979647132
2024-10-10 04:00:00+00:00,226.72481576308653,228.43684913724616,226.11764095959848,227.97897338867188,28183500,0.0,0.0,2.319208177647681,-0.0076675380191589,-0.2178322733569659,-0.1235095702458746,-0.0076675380191589815,0.010172903856768228,225.5184326171875,224.62409362792968,0.00398149181066576,1.6841699214199266,-0.47096389686504625,54.95010037608462,0.7830990528264294,0.5739047689370564
2024-10-11 04:00:00+00:00,228.2377886470439,228.3472796881356,226.28686151162023,226.4958953857422,31759200,0.0,0.0,2.0604181765153555,0.001135259337846,-0.650532801725201,-0.3376294904490201,0.001135259337845973,0.00909693384512017,225.66773986816406,224.87542419433595,0.003523353770945592,1.6996729150218355,-0.4091510835867318,52.348407909635746,0.7874605445258851,0.6166159240548222
2024-10-14 04:00:00+00:00,227.64055393917852,230.65651637799863,227.54102629778745,230.228515625,39882100,0.0,0.0,3.115490080211174,0.0050537717316549,1.647985820184883,0.7997821641306953,0.005053771731654999,0.013532164214122526,227.58083801269532,225.62095489501954,0.00868661830895845,1.6140656316687716,-0.26343741377931806,57.76796698145757,1.0796626377978669,0.7092252668034312
2024-10-15 04:00:00+00:00,232.52781469355563,236.3898456598821,231.29355345996072,232.76670837402344,64751400,0.0,0.0,5.096292199921379,0.0099870298964215,1.1024667131840804,0.5298344751348111,0.009987029896421529,0.02189442053600016,229.1893524169922,226.4700050354004,0.012007538840151266,1.2931416680901135,0.11753802468462002,61.01495064204466,1.4987689684852228,0.8671340071397896
2024-10-16 04:00:00+00:00,230.52712470524975,231.0447048824563,228.7752681420796,230.7062835693359,34082200,0.0,0.0,2.2694367403767046,-0.0096215806994829,-0.8851887879845366,-0.4537479552045808,-0.009621580699483046,0.009836909100460861,229.6352752685547,227.02193603515624,0.011511395238007927,1.3504950262225834,-0.34958990562412523,57.172219326667076,1.6456842691513884,1.0228440595421093
2024-10-17 04:00:00+00:00,232.348638945834,232.76670668063704,229.4521309302649,231.07456970214844,32993800,0.0,0.0,3.3145757503721427,0.0071188151058942,0.1596342011646268,0.0632780255740787,0.007118815105894294,0.014344182289918704,230.25439453125,227.18517608642577,0.013509765459594147,1.3276636164943336,-0.33922794062883443,57.685209715527265,1.7714135635255843,1.1725579603388043
2024-10-18 04:00:00+00:00,235.0858880500012,235.0858880500012,232.92594240501305,233.9113616943359,46431500,0.0,0.0,2.1599456449881416,0.0173594106570155,1.2276521799192477,0.5917819431654401,0.017359410657015406,0.009234034761469409,231.73748779296875,227.52360076904296,0.01852065899837463,1.3599044088216252,0.5303513243310125,61.50960549354964,2.0760291688818597,1.3532522020474156
2024-10-21 04:00:00+00:00,233.36392650842956,235.75281781754072,233.36392650842956,235.384521484375,36254500,0.0,0.0,2.388891309111159,-0.0023403531232557,0.6297940293999771,0.2959345126925912,-0.002340353123255756,0.010148888695171637,232.76868896484376,228.02178268432618,0.020817775497743662,1.0018689091015127,-0.35624887004301475,63.36149645370049,2.408546687168297,1.5643110990715918
2024-10-22 04:00:00+00:00,232.80651969699693,235.12572795126604,231.52250221800776,234.76739501953125,38846600,0.0,0.0,3.603225733258285,-0.0109522995442552,-0.2621780144896668,-0.1454538618058853,-0.01095229954425525,0.015348067106842146,233.1688262939453,228.44431686401367,0.020681229871627682,0.9437959972130158,-0.07949657325930484,62.01541390418439,2.592388823249422,1.769926643907158
2024-10-23 04:00:00+00:00,232.99563706556216,234.05072423456664,226.7049068825192,229.6910095214844,52287000,0.0,0.0,7.345817352047448,-0.0075468654998778,-2.1623043087497407,-1.0857228557846164,-0.0075468654998778195,0.031981301172174736,232.965771484375,228.66279983520508,0.018817978491783682,1.1462156670119392,1.1503523901200916,52.192897116728936,2.301927963374794,1.8763269078006852
2024-10-24 04:00:00+00:00,228.9146289407981,229.75074924052936,227.35190975750177,229.5019073486328,31109500,0.0,0.0,2.3988394830275865,-0.0033801087047496,-0.0823289397549942,-0.0564563519668734,-0.003380108704749585,0.010452372752543387,232.65123901367187,228.81459426879883,0.01676748267361816,1.1433774764188378,-0.818310625579498,51.86335543631288,2.0330410426942365,1.9076697347793956
2024-10-25 04:00:00+00:00,228.6757506783198,232.13962556438537,228.5065400142299,230.3380126953125,38802300,0.0,0.0,3.633085550155471,-0.0035997812822445,0.3643130274336048,0.1645624268510067,-0.003599781282244474,0.015772844037520023,231.9365692138672,228.99475708007813,0.0128466353173331,1.1168007714822474,-0.12363475059911071,53.268301584246466,1.8659039553697312,1.8993165788974629
2024-10-28 04:00:00+00:00,232.2391553268284,233.64261197661628,231.47271808946843,232.3187713623047,36087100,0.0,0.0,2.1698938871478504,0.0082537077109834,0.859935641457632,0.4098190595754923,0.008253707710983438,0.009340157381272767,231.32341918945312,229.0146629333496,0.010081259542649601,1.0252881753081708,-0.3075892135435807,56.50691649019843,1.871701470583588,1.893793557234688
2024-10-29 04:00:00+00:00,232.0201728307493,233.2444706163013,231.24378738741356,232.5875244140625,35417200,0.0,0.0,2.0006832288877376,-0.0012852966198315,0.1156828826968547,0.0415289123048349,-0.0012852966198315663,0.008601850997502488,230.88744506835937,229.38593444824218,0.0065457833050177605,0.9631753823360326,-0.28449388265036424,56.942928802501065,1.8763527419530988,1.8903053941783703
2024-10-30 04:00:00+00:00,231.5324398883544,232.38845656475567,228.48661770128336,229.03407287597656,47070900,0.0,0.0,3.9018388634723062,-0.0045362902776754,-1.5277911173601555,-0.7717368423620476,-0.004536290277675437,0.017036062863821914,230.7560577392578,229.55116500854493,0.005248907060297681,1.0463777415072446,1.0026696203901366,49.82996193520814,1.5751477436408265,1.8272738640708617
2024-10-31 04:00:00+00:00,228.27758291037028,228.76531846185907,224.32597264925337,224.8634796142578,64370100,0.0,0.0,4.439345812605694,-0.0033029581848108,-1.8209488262373783,-0.9168046227699996,-0.003302958184810856,0.019742404681370104,229.8283721923828,229.56310958862304,0.0011555105880693972,1.1777498895799656,2.37995024411397,43.03529878679858,0.9885136215936541,1.6595218155754203
2024-11-01 04:00:00+00:00,219.9463649274566,224.30607958110733,219.2496106921502,221.87738037109375,65276700,0.0,0.0,5.056468888957113,-0.0218671110810713,-1.3279609691562944,-0.6728517877286487,-0.02186711108107131,0.022789474440792844,228.13624572753906,229.36951065063477,-0.00537676049269753,1.0918096712215837,2.047215469690969,38.94103389614726,0.2794275336792964,1.3835029591961956
2024-11-04 05:00:00+00:00,219.96627293386248,221.75792231303785,218.69220372782075,220.9815368652344,44944500,0.0,0.0,3.0657185852170983,-0.0086133495628752,-0.4037561216745144,-0.2155131546088136,-0.008613349562875294,0.013873188813447011,225.868798828125,229.38543624877929,-0.015330691774347538,1.0170900284560804,0.27813816172856,37.779790504058454,-0.3507719035720811,1.0366479866425402
2024-11-05 05:00:00+00:00,220.77253601507735,222.91257027302564,220.11558975602287,222.41488647460935,28111300,0.0,0.0,2.7969805170027655,-0.0009457842185454,0.6486286726519852,0.305254751624083,-0.0009457842185454091,0.012575509496402643,223.8342712402344,229.2699737548828,-0.023708741383029253,1.0912427834772123,-1.1299268709327448,40.82061191131032,-0.726179221427742,0.6840825450284838
2024-11-06 05:00:00+00:00,221.5787719009408,225.02275032206143,220.16535179621147,221.68826293945312,54561100,0.0,0.0,4.857398525849959,-0.003759256347097,-0.3266973477691115,-0.1773809651663836,-0.003759256347097062,0.021910941343685833,222.3651092529297,228.9305534362793,-0.028678759059467485,0.9291978379791008,0.9959629077341953,39.75978272744728,-1.0699904878350708,0.3332679384557729
2024-11-07 05:00:00+00:00,223.5894200604507,226.82436463330757,223.52970043689453,226.42620849609375,42137700,0.0,0.0,3.294664196413038,0.0085758131521685,2.1372108265085066,1.041872969312822,0.008575813152168488,0.014550719275369913,222.6776550292969,228.8529151916504,-0.026983532882603245,1.2198825804590743,-0.09692860512367707,49.0563260828378,-0.949208894458252,0.07677257187296793
2024-11-08 05:00:00+00:00,226.366414165256,227.8511489598711,225.60910803907555,226.15716552734375,38328800,0.25,0.0,2.242040920795546,-0.0002640786648988,-0.1188214785456831,-0.074514521489659,-0.0002640786648988591,0.009913640876987689,223.5336120605469,228.83597869873046,-0.02317103572757806,1.2077186094784311,-0.46480608859602857,48.597691422560665,-0.8652243627446978,-0.11162681505056522
2024-11-11 05:00:00+00:00,224.20410915529405,224.90163000948095,220.71648967954505,223.43682861328125,42005600,0.0,0.0,4.185140329935905,-0.0086358367973689,-1.202852409172772,-0.6109423766599268,-0.008635836797369012,0.018730754262447212,224.02467041015626,228.49639434814452,-0.019570216636219606,1.1870199872749345,-0.1495470515714145,44.10745147671825,-1.0065713425781553,-0.29061572055608326
2024-11-12 05:00:00+00:00,223.7557039779463,224.79201850347917,222.56991092342136,223.43682861328125,40398300,0.0,0.0,2.222107580057809,0.0014271387874778,0.0,-0.0157162445368519,0.0014271387874777997,0.009945126744990531,224.22905883789062,228.02990036010743,-0.016668171657376885,1.1821767358849833,-0.2046447756564801,44.10745147671825,-1.1058423798542094,-0.4536610524157085
2024-11-13 05:00:00+00:00,223.21759527142092,225.8482560889112,221.97201694486657,224.32366943359375,48566200,0.0,0.0,3.876239144044632,-0.0009811871356255,0.3969089723554031,0.180692384334354,-0.0009811871356255608,0.017279670726820517,224.75614013671876,227.7107696533203,-0.012975361337102531,1.132776072432954,0.5346065377827698,45.99408516133423,-1.1002715045343905,-0.5829831428394449
2024-11-14 05:00:00+00:00,224.22402706703753,228.06039910056816,224.2040935569292,227.41270446777344,44923900,0.0,0.0,3.856305543638967,-0.0004441901597268,1.3770437341629416,0.6657076852816171,-0.00044419015972685383,0.016957300396493208,224.95343933105468,227.52767639160157,-0.011313951345929163,1.074823411140192,0.11563260966385681,52.06368623994082,-0.8369494028588349,-0.6337763948433229
2024-11-15 05:00:00+00:00,225.59912786989784,226.1172926822584,223.47667285882864,224.20408630371097,47923700,0.0,0.0,2.6406198234297733,-0.0079748253384524,-1.410923005190845,-0.7139051800196126,-0.007974825338452396,0.011777750651041842,224.5628234863281,227.0423126220703,-0.010920823995787532,1.0874699247129755,0.41452386462525415,46.24930006799096,-0.8770631721509687,-0.6824337503048521
2024-11-18 05:00:00+00:00,224.45320372664565,228.92732633570628,224.3734848929754,227.21340942382812,44633700,0.0,0.0,4.553841442730885,0.0011111190123324,1.3422249209323889,0.648477751362633,0.0011111190123325176,0.020042133315452633,225.3181396484375,226.63375701904297,-0.005805037113226441,1.1350008905257931,0.03574983066995418,51.69773673311169,-0.6584363530724886,-0.6776342708583795
2024-11-19 05:00:00+00:00,226.17708394083317,229.34584301691137,225.8582238051146,227.4724884033203,36211800,0.0,0.0,3.4876192117967832,-0.0045610225453809,0.1140245112069671,0.040708274593989,-0.004561022545380933,0.01533204844364764,226.12527160644532,226.2690116882324,-0.0006352618978383573,1.1285040128716277,-0.8186369426828358,52.14745534290045,-0.4589767175036741,-0.6339027601874384
2024-11-20 05:00:00+00:00,227.25326410482543,229.1166443503319,225.0909420304879,228.18994140625,35169600,0.0,0.0,4.025702319844015,-0.0009637398352374,0.3154020989376116,0.140359072752693,-0.0009637398352374538,0.01764189207918239,226.89852600097657,226.1939582824707,0.003114883013922043,1.1113955976083838,-0.8378151187519185,53.44025125499337,-0.24024170116899768,-0.5551705483837502
2024-11-21 05:00:00+00:00,228.07036655131708,229.34583747298603,224.9115819089953,227.71163940429688,42108300,0.0,0.0,4.434255563990746,-0.0005240145739817,-0.2096069612032569,-0.119439311333458,-0.0005240145739817681,0.01947311773605839,226.95831298828125,226.1044448852539,0.0037764321858451133,0.9084196322414533,-0.18789730061439286,52.42343189647732,-0.10428546116321513,-0.46499353093964324
2024-11-22 05:00:00+00:00,227.2532745036032,229.90386885981255,227.2532745036032,229.0568695068359,38168300,0.0,0.0,2.6505943562093535,-0.0020129181885158,0.5907603608046541,0.2766188764570979,-0.0020129181885158998,0.01157177412716823,227.92886962890626,226.04038772583007,0.008354621588097633,0.9205030197814357,-0.6076828642625175,55.01589994638848,0.11073320184911495,-0.34984818438189164
2024-11-25 05:00:00+00:00,230.64124862727573,232.42491005721112,228.92733167542056,232.04624938964844,90152800,0.0,0.0,3.497578381790561,0.006916968366201,1.3050819603222186,0.630097723513002,0.006916968366200926,0.015072764119179887,228.89543762207032,226.02676162719726,0.012691753729607402,0.856009421089199,3.176366589648485,60.205274613318316,0.5164022509652284,-0.17659809731246764
2024-11-26 05:00:00+00:00,232.50462429580293,234.73670603206307,232.50462429580293,234.22850036621097,45986200,0.0,0.0,2.2320817362601417,0.0019753601161843,0.9404379438592514,0.4496552636850818,0.001975360116184488,0.009529505302601231,230.24664001464845,226.1088104248047,0.018300169648718168,0.8610125399665624,-0.07906130262918458,63.51420811788171,1.002431900101442,0.059207902170314276
2024-11-27 05:00:00+00:00,233.640604190904,234.85628986853752,232.9829351774668,234.09896850585935,33498400,0.0,0.0,1.873354691070716,-0.0025099258817257,-0.0553014941175433,-0.0430819414363161,-0.0025099258817257164,0.008002404722359241,231.4284454345703,226.36205520629883,0.022381799916307177,0.8773560223322593,-0.9314519428359648,63.178402653499774,1.3614676089966338,0.3196598435355782
2024-11-29 05:00:00+00:00,233.97938842310504,236.96877632211965,233.14236346053607,236.490478515625,28481400,0.0,0.0,3.8264128615835777,-0.000510809951524,1.0215807549386111,0.489808420647686,-0.0005108099515240827,0.016179986972840284,233.18421325683593,226.9434051513672,0.027499402775358117,0.8412208685524524,-1.1756657434622622,66.68099196277268,1.8180238192063882,0.6193326386697402
2024-12-02 05:00:00+00:00,236.4306920263062,239.93822952974793,236.3210805290228,238.7424774169922,48137100,0.0,0.0,3.617149000725135,-0.0002528071730163,0.9522577464861516,0.455504240123435,-0.00025280717301634503,0.015150839682405378,235.1213348388672,227.78666000366212,0.03219975583770873,0.5635058019603358,0.34385171729038994,69.61232227997557,2.3346529695458287,0.962396704844958
2024-12-03 05:00:00+00:00,238.96170621081689,241.90126799408412,238.0549215480856,241.79165649414065,38861000,0.0,0.0,3.8463464459985346,0.0009182647185225,1.2771833107112718,0.6162922015946469,0.0009182647185226323,0.015907688882936054,237.07041625976564,228.82716598510743,0.03602391455215015,0.5546998490094399,-0.3538140057624672,73.06734779852623,2.95605302260941,1.3611279683978483
2024-12-04 05:00:00+00:00,242.01087120786053,243.24649032811607,240.39660663197557,242.15037536621097,44383900,0.0,0.0,2.8498836961404947,0.0009066264605585,0.1483586643441503,0.0576983766345391,0.0009066264605586127,0.011769065779190034,238.65479125976563,229.8139404296875,0.03846960203348937,0.5512801196101802,0.012292302296097955,73.44980030993761,3.4378334525809464,1.7764690652344681
2024-12-05 05:00:00+00:00,243.1269343008096,243.67497660990784,241.2735131113704,242.18028259277344,40033900,0.0,0.0,2.401463498537453,0.0040328615354065,0.0123506835441489,-0.0096045640521982,0.004032861535406607,0.009916015758291595,240.27105407714845,230.83854141235352,0.04086194881965288,0.5780891481217852,-0.285673741108434,73.48360830519262,3.7785049248761027,2.176876237162795
2024-12-06 05:00:00+00:00,242.05074723300527,243.7646642163996,241.22368140458013,241.98098754882812,36870600,0.0,0.0,2.5409828118194753,-0.0005348716187022,-0.0822920189090803,-0.0564380818514873,-0.0005348716187022484,0.010500753954096262,241.36915588378906,231.61628036499025,0.042107901497381084,0.5594195280684001,-0.520537134457865,72.81818726057818,3.9864547082128468,2.538791931372806
2024-12-09 05:00:00+00:00,240.97455722335047,246.36542364679892,240.89483838917155,245.8771514892578,44649200,0.0,0.0,5.470585257627363,-0.0041591297550786,1.6101115959135104,0.7810402737305964,-0.004159129755078705,0.02224926238364352,242.79609069824218,232.60227966308594,0.04382506934120123,0.6420776449829235,0.08951222726111228,77.17056540644424,4.414753745012803,2.913984294100805
2024-12-10 05:00:00+00:00,246.0166626912396,247.33200068563025,244.4721425450312,246.8935546875,36914800,0.0,0.0,2.8598581405990444,0.0005674020588605,0.4133784664764217,0.1888422398020081,0.0005674020588606332,0.011583364921043993,243.81647033691405,233.77511596679688,0.04295305053572651,0.6119214412842815,-0.5204637067336431,78.15332444659933,4.78108568145359,3.2874045715713622
2024-12-11 05:00:00+00:00,247.0828737526952,249.91282389632013,245.38887516358943,245.6180725097656,45205800,0.0,0.0,4.523948732730702,0.0007668044045735,-0.5166121810465274,-0.271359470577747,0.0007668044045736622,0.01841863135926544,244.510009765625,234.8841781616211,0.04098118348942381,0.6958632235723321,0.13551652549904564,73.85663033941938,4.911864709427505,3.612296599142591
2024-12-12 05:00:00+00:00,246.0166785997756,247.86014070071687,244.81095202694985,247.08290100097656,32777500,0.0,0.0,3.04918867376702,0.00162286954676,0.5963846537199391,0.2794020326384906,0.0016228695467599419,0.012340751470110708,245.49053344726562,236.02213973999022,0.04011654888692262,0.6704089325192025,-0.8027113002298263,75.52110022150214,5.075203659880543,3.9048780112901817
2024-12-13 05:00:00+00:00,246.9433725816478,248.40815863747187,245.36895982515324,247.2522735595703,33155300,0.0,0.0,3.039198812318631,-0.0005647028538337,0.0685488789016197,0.0182048614432613,-0.0005647028538336984,0.01229189430117171,246.54479064941407,237.01411819458008,0.04021141241472237,0.6625527685112129,-0.7152296063308387,75.71363880841723,5.1588498945691015,4.155672387945966
2024-12-16 05:00:00+00:00,247.1127786134494,250.490786396497,246.7739697560149,250.1519775390625,51694800,0.0,0.0,3.716816640482079,-0.0005641806407386,1.1727714118647148,0.5646244406755805,-0.0005641806407385985,0.01485823409052075,247.399755859375,238.31151275634767,0.038135980078810805,0.6845075439220913,0.7344602125437258,78.78953315051717,5.396909798805183,4.40391987011781
2024-12-17 05:00:00+00:00,249.1953766416157,252.93211150871377,248.8964348112852,252.58334350585935,51356400,0.0,0.0,4.035676697428585,-0.0038240788933896,0.9719555250836232,0.4652515977182484,-0.0038240788933896486,0.0159776042292154,248.53771362304687,239.58000946044922,0.03738919696501819,0.6504754202282808,0.6734031701305271,80.96630728993784,5.71587584307872,4.666311064709992
2024-12-18 05:00:00+00:00,251.26802371656945,253.38051965426092,246.86366065893745,247.1725616455078,56774100,0.0,0.0,6.516858995323474,-0.0052074684380737,-2.142176829734621,-1.0757628628609648,-0.005207468438073737,0.026365624695308544,248.8486114501953,240.56501312255858,0.03443392794369715,1.0468832492707014,0.9933972635906828,64.9832769134918,5.4690105060789165,4.8268509529837775
2024-12-19 05:00:00+00:00,246.6245097734382,251.1085917693189,246.21595643132497,248.90640258789065,60882300,0.0,0.0,4.892635337993937,-0.0022172844284213,0.7014698277349574,0.3314029607618804,-0.0022172844284213955,0.019656526658715867,249.21331176757812,241.60083618164063,0.03150848195001399,1.0550439933580726,1.1749109032223755,67.21655735291323,5.351584684675657,4.9317976993221535
2024-12-20 05:00:00+00:00,247.1625865233097,254.09797318748596,244.82090844231297,253.58978271484375,147495300,0.0,0.0,9.277064745172993,-0.0070059108421897,1.881582827223327,0.9153765977575462,-0.007005910842189822,0.03658295947831957,250.4808135986328,242.89474334716797,0.031231924359194974,1.1580025736447832,3.659444695567241,72.34690050515303,5.572200650288437,5.05987828951541
2024-12-23 05:00:00+00:00,253.8688035675433,254.74568039470608,252.55346551957817,254.36703491210935,40858800,0.0,0.0,2.1922148751279167,0.0011002842847706,0.3064998080540171,0.1359538139451551,0.001100284284770714,0.00861831359509846,251.32382507324218,244.16025161743164,0.02933963824314434,1.0873329397484088,-0.36023661992465733,73.09929018465041,5.743550078965939,5.196612647405516
2024-12-24 05:00:00+00:00,254.58623131585568,257.2965955586333,254.38692663500535,257.2866516113281,23234700,0.0,0.0,2.909668923627976,0.0008617327470207,1.147796804813006,0.5522658681330808,0.000861732747020838,0.011309055115783805,252.26448669433594,245.42227172851562,0.02787935633400518,1.1168381884982743,-0.9369920879438007,75.76653618169085,6.045248540927702,5.366339826109954
2024-12-26 05:00:00+00:00,257.27667867815336,259.1799258751944,256.7186620602343,258.1037292480469,27237100,0.0,0.0,2.461263814960091,-3.876195330114137e-05,0.3175748262109978,0.1414342371213501,-3.876195330110299e-05,0.009535948287654259,254.45072021484376,246.61603317260742,0.03176876596969991,1.0693494813405071,-0.731679138667229,76.46968812953673,6.27791024093878,5.548653909075719
2024-12-27 05:00:00+00:00,256.917949151404,257.78489719249416,252.16483330495137,254.68588256835935,42355300,0.0,0.0,5.620063887542784,-0.0045941997819926,-1.3242143728976696,-0.6709978013354373,-0.004594199781992714,0.022066648653108294,255.6066162109375,247.64537887573243,0.03214773225871492,1.2133415791052535,-0.16415881559998324,67.62981872364136,6.116003174010132,5.662123762062602
2024-12-30 05:00:00+00:00,251.33776924994547,252.60328106925755,249.86300878941353,251.3078765869141,35557500,0.0,0.0,2.740272279844021,-0.0131460498895741,-1.3263420600231224,-0.6720506777884364,-0.01314604988957413,0.010904044541143961,255.15023498535157,248.38624877929686,0.027231725746882374,1.3197234263500581,-0.44657657542562246,60.22027013740478,5.649984303406455,5.6596958703313724
2024-12-31 05:00:00+00:00,251.5470385357527,252.38406352835983,248.54767617168991,249.5341796875,39480700,0.0,0.0,3.836387356669917,0.0009516691322482,-0.7057864335583863,-0.3649715029112451,0.0009516691322482007,0.015374195877592213,254.18366394042968,248.92583389282225,0.02112207465727023,1.2946978111169618,-0.2748405301645764,56.707134595881065,5.078991027585289,5.543554901782156
2025-01-02 05:00:00+00:00,248.0494437119358,248.21885574509324,240.96460876578237,242.9874267578125,55740700,0.0,0.0,7.254246979310864,-0.0059500304824917,-2.6235896572911255,-1.3139878463383288,-0.005950030482491764,0.029854412946811563,251.32381896972657,248.98562240600586,0.009390889888043263,1.47604894904511,0.3295493911974304,46.03260019183663,4.051503286866165,5.245144578798958
2025-01-03 05:00:00+00:00,242.4991455078125,243.31623695542575,241.03434422978032,242.4991455078125,40244100,0.0,0.0,2.2818927256454344,-0.0020094918346811,-0.2009491834681132,-0.1151550487632771,-0.002009491834681132,0.009409900067346504,248.2029022216797,249.00306091308593,-0.0032134492181424834,1.3393904028688195,-0.269296944992688,45.34697255335846,3.1613693357401758,4.828389530187202
2025-01-06 05:00:00+00:00,243.4457849039297,246.45510633108967,242.33971076643533,244.1333465576172,45045600,0.0,0.0,4.115395564654335,0.003903681368175,0.6738997147319958,0.3177600137138425,0.0039036813681749827,0.016857162786989743,246.09239501953124,249.10071411132813,-0.012076718055703428,1.3373953286273046,-0.09138687310153967,48.13147027889975,2.5583075565149045,4.374373135452743
2025-01-07 05:00:00+00:00,242.12049100282684,244.681407317594,240.496267218822,241.3532257080078,40856000,0.0,0.0,4.1851400987719956,-0.0082449021535667,-1.1387714496238432,-0.5792322005783278,-0.008244902153566769,0.01734031143149183,244.10146484375,249.0693260192871,-0.019945696465057394,1.1461125981768556,-0.26419240539177435,44.02235099703089,1.8348927322924453,3.8664770548206833
2025-01-08 05:00:00+00:00,241.06423680804883,242.8479134243992,239.20085656180404,241.8414764404297,37628900,0.0,0.0,3.64705686259515,-0.0011973691220046,0.2022971646596483,0.0843896021502221,-0.0011973691220046323,0.015080361384964882,242.56292419433595,248.8675422668457,-0.02533322752771705,1.1385414013376165,-0.37592527935470593,44.91184245038676,1.2861530539946386,3.3504122546554744
2025-01-10 05:00:00+00:00,239.16098682233465,239.3104653375161,232.1757893628752,236.01217651367188,61710900,0.0,0.0,7.134675974640885,-0.0110836638013798,-2.4103805569487102,-1.2084822771076584,-0.011083663801379817,0.030230118123704446,241.16787414550782,248.3234733581543,-0.028815637587051746,1.123008924207961,0.517413865529779,37.29265571478994,0.3765564109829711,2.755641085920974
2025-01-13 05:00:00+00:00,232.7039288898965,233.8398957390806,228.90740850459227,233.5708465576172,49630700,0.0,0.0,4.93248723448832,-0.0140172751789513,-1.0344084750700366,-0.5275886496266012,-0.01401727517895135,0.021117734970710806,239.38221435546876,247.7211120605469,-0.03366244255774198,1.0450159964179453,0.036922536230920254,34.64204454307607,-0.5351317407026954,2.0974865205962403
2025-01-14 05:00:00+00:00,233.91960476413303,235.28475371553364,231.6476711610837,232.45480346679688,39435300,0.0,0.0,3.637082554449933,0.00149315812164,-0.4778178044343439,-0.2521622469093201,0.0014931581216399703,0.015646407388477314,237.0465057373047,246.98970718383788,-0.040257553887184105,1.0491016637673416,-0.3770724719840932,33.47085109428471,-1.332348040684792,1.4115196083400339
2025-01-15 05:00:00+00:00,233.80999436776753,238.11472029161553,233.6007305222416,237.028564453125,39832000,0.0,0.0,4.5139897693739215,0.0058299113666809,1.9675915137548072,0.9579376114136826,0.005829911366680873,0.019044075045506224,236.18157348632812,246.47852172851563,-0.04177624958952453,1.369890985186596,-0.3772125683753568,42.108873134527364,-1.5769058261980433,0.8138345214324185
2025-01-16 05:00:00+00:00,236.51043339153568,237.16808723307213,227.2233935146464,227.45257568359375,71759100,0.0,0.0,9.944693718425723,-0.0021859435498196,-4.040014667272307,-2.0148994242710696,-0.0021859435498196023,0.04372205365684518,233.30379333496094,245.3435516357422,-0.04907305784281013,1.7565216836142734,0.8318040909081353,32.573093744483984,-2.5144370320619203,0.1481802107335508
2025-01-17 05:00:00+00:00,231.2989028272768,231.4682996512766,227.67177943063624,229.16647338867188,68488300,0.0,0.0,3.79652022064036,0.0169104576289064,0.7535187060103032,0.3571591152667253,0.016910457628906528,0.01656664766229295,231.93465270996094,244.1727081298828,-0.05012048854129947,1.714210993528214,0.6631970744321657,35.393083571347034,-3.083594290586518,-0.498174689530463
2025-01-21 05:00:00+00:00,223.2076373446938,223.62614984013743,218.60398468999983,221.8524475097656,98070400,0.0,0.0,5.022165150137596,-0.0260022155765854,-3.191577620737529,-1.59505414840208,-0.02600221557658544,0.022637411516122797,229.59097290039062,242.9067024230957,-0.05481828780299236,1.8940182815914397,1.5956713065647479,29.687013540180374,-4.077829599820973,-1.214105671588565
2025-01-22 05:00:00+00:00,219.0125058897086,223.32719072748344,219.0125058897086,223.03822326660156,64126500,0.0,0.0,4.314684837774848,-0.0128010380409798,0.5344884720209331,0.2487729840994237,-0.012801038040979873,0.019345046667706946,227.70765686035156,241.61329345703126,-0.05755327613690553,1.8818692291479133,0.37995512548270005,31.612007232132683,-4.715726096826074,-1.9144297566360668
2025-01-23 05:00:00+00:00,223.94503224654224,226.2269251350915,221.51366083038823,222.8688507080078,60234800,0.0,0.0,4.713264304703273,0.0040657110994681,-0.0759388037230301,-0.0532942217462073,0.004065711099468183,0.021148151882733796,224.87571411132814,240.07724685668944,-0.0633193396891778,1.8958121183403012,0.6358822510747933,31.479437039332268,-5.175273287509043,-2.566598462810662
2025-01-24 05:00:00+00:00,223.9848686181573,224.831867935065,220.6267944226493,221.991943359375,54697900,0.0,0.0,4.20507351241568,0.0050075096030877,-0.3934633960049005,-0.2104198453693688,0.005007509603087712,0.01894246002256142,223.78358764648436,238.45849227905273,-0.061540708793022425,1.870806405750068,0.28201910085898113,30.760189852961915,-5.546292632379419,-3.162537296724414
2025-01-27 05:00:00+00:00,223.2275672861503,231.32879829775732,223.18770026542344,229.04690551757812,94863400,0.0,0.0,8.141098032333872,0.0055660755434488,3.17802621637584,1.55691580752018,0.00556607554344879,0.03554336616745554,223.75967407226562,237.04650497436523,-0.05605157900782587,2.1607328274460476,2.1818804664449885,42.201888948530616,-5.21098268616899,-3.5722263746133294
2025-01-28 05:00:00+00:00,230.03339893004485,239.34035603116672,229.99353191106584,237.41717529296875,75707600,0.0,0.0,9.346824120100877,0.0043069493134497,3.6543911197910672,1.792642848324819,0.0043069493134497705,0.03936877822157161,226.87261962890625,236.01217727661134,-0.03872494103129831,2.4655758883529666,1.0712917852710995,52.27780451373419,-4.221177217042282,-3.7020165430991203
2025-01-29 05:00:00+00:00,233.2918357915463,239.01153699982427,233.1822242894862,238.5133056640625,45486100,0.0,0.0,5.829312710338087,-0.0173759101308986,0.4616895849009816,0.2127487805705192,-0.017375910130898675,0.024440199233783905,229.96763610839844,235.20354843139648,-0.022261196133804284,2.4551401397579267,-0.5644712999244565,53.42292330347945,-3.310143418556123,-3.623641918190521
2025-01-30 05:00:00+00:00,237.82573898228924,239.93823493591583,236.3709120271811,236.7495574951172,55658300,0.0,0.0,3.567322908734724,-0.0028827183450372,-0.7394757973919863,-0.3816425338502374,-0.002882718345037172,0.015067917957178432,232.7437774658203,234.47563247680665,-0.007386076722312063,2.3975528091279568,-0.07142771986405995,51.290251617388634,-2.699345927024922,-3.4387827199574015
2025-01-31 05:00:00+00:00,246.31561143302469,246.31561143302469,232.61424963135997,235.16519165039065,100959800,0.0,0.0,13.701361801664715,0.0404057943724131,-0.6692159687602395,-0.3468747720523743,0.040405794372413206,0.05826271186440681,235.37842712402343,233.75718307495117,0.00693559028965729,1.961539865931283,2.059314481594527,49.38312933566646,-2.3164272654100273,-3.214311629047927
2025-02-03 05:00:00+00:00,229.1764524471141,231.00994009075865,224.90161912474943,227.2034454345703,73063300,0.0,0.0,6.108320966009217,-0.025466095391276,-3.385597230587045,-1.6910638841319834,-0.02546609539127609,0.026884807817618598,235.00973510742188,232.96798400878907,0.008764084504228498,2.27834441012889,0.6073986613660475,41.110651503946954,-2.625146789732611,-3.096478661184864
2025-02-04 05:00:00+00:00,226.44614576626617,232.3053512351318,225.8482620717564,231.9765167236328,45067300,0.0,0.0,6.4570891633754,-0.0033331346135867,2.1007917727361436,1.0238511635225225,-0.0033331346135867523,0.027835098373634553,233.92160339355468,232.44185256958008,0.006366111815133024,2.0765151815774447,-0.8091928763455126,46.85801961333996,-2.456347034564601,-2.9684523358608117
2025-02-05 05:00:00+00:00,227.72160926815613,231.84696405052935,227.46253445166025,231.64767456054688,39620300,0.0,0.0,4.384429598869104,-0.0183419749359621,-0.1417566604285713,-0.0858638936134421,-0.018341974935962124,0.018927147044263227,232.54847717285156,231.81756896972655,0.0031529456821302038,2.0850514197705423,-1.0559586263089018,46.521153752796906,-2.3223363786015057,-2.8392291444089506
2025-02-06 05:00:00+00:00,230.47183871784503,232.9729696905443,229.61488023403817,232.39501953125,29925300,0.0,0.0,3.3580894565061215,-0.0050759665294827,0.322621399986378,0.143931511571554,-0.005075966529482723,0.014449920068336754,231.6775695800781,231.36965866088866,0.0013308180552782378,2.07876513510506,-1.4596764044455786,47.44584852413669,-2.131259640470603,-2.6976352436212814
2025-02-07 05:00:00+00:00,231.77721918612997,233.17226081850333,226.45609706307513,226.8247985839844,39707200,0.0,0.0,6.716163755428198,-0.0026584061326536,-2.396876214688659,-1.2017997137698633,-0.002658406132653668,0.029609477435252583,230.00949096679688,230.61882476806642,-0.002642168530181177,2.2568024515562564,-1.0000616159148619,41.6634550110898,-2.4016158939622017,-2.638431373689466
2025-02-10 05:00:00+00:00,229.0094413336025,230.0269397294514,226.64521806905947,227.0941162109375,33115600,0.25,0.0,3.381721660391946,0.009631410512679,0.1187337666050503,0.0430386285546287,0.009631410512679128,0.01489127819256584,229.9876251220703,230.17292175292968,-0.0008050322750747796,2.007645731846423,-1.1988554192875134,42.03131277899649,-2.564580602166359,-2.6236612193848448
2025-02-11 05:00:00+00:00,227.64278121837336,234.65561423976857,227.5729600586419,232.0519866943359,53718400,0.0,0.0,7.082654181126657,0.002416024759207,2.183178748142134,1.0646199896347397,0.0024160247592071027,0.030521842463068796,230.00271911621093,230.09697875976562,-0.00040965180882757135,1.7407692159271955,-0.2539518931841785,48.47286199819325,-2.267533875135939,-2.552435750535064
2025-02-12 05:00:00+00:00,230.63545743654387,236.38140252594312,230.11672290007743,236.29161071777344,45243300,0.0,0.0,6.264679625865682,-0.0061043616905461,1.827014749510436,0.888373828684013,-0.006104361690546178,0.02651249279157952,230.93150634765624,230.28881912231446,0.0027907877933075476,1.8498313306270506,-0.6693270403301758,53.256266540163715,-1.6707604902636888,-2.376100698480789
2025-02-13 05:00:00+00:00,236.33151730066413,241.74825103145727,234.99479296308533,240.9402313232422,53614100,0.0,0.0,6.753458068371941,0.0001688870069041,1.967323592804604,0.9578050319303744,0.00016888700690409486,0.028029599005869602,232.6405487060547,230.48440246582032,0.009354846649781923,1.9382214185607745,-0.3145380240189009,57.87403731972905,-0.8133328556367587,-2.0635471299119827
2025-02-14 05:00:00+00:00,240.6609204580431,244.9504238462646,240.40156080072015,244.00274658203125,40896200,0.0,0.0,4.548863045544465,-0.0011592537438231,1.2710684479589671,0.6132662891246202,-0.0011592537438230854,0.018642671483270305,236.07613830566407,231.3119110107422,0.02059654980197112,1.9394768164723624,-0.8421851833778203,60.63320369661166,0.11201289419528848,-1.6284351250905287
2025-02-18 05:00:00+00:00,243.55383619329416,244.5813199542748,241.2494791133952,243.87306213378903,48822500,0.0,0.0,3.331840840879579,-0.0018397759657437,-0.0531487657654761,-0.0420166734443819,-0.0018397759657438062,0.013662192993876984,239.4319274902344,232.04724044799804,0.03182406749582212,1.4417267356422965,-0.4191878275887442,60.45263701316938,0.8253771821618159,-1.1376726636400598
2025-02-19 05:00:00+00:00,244.06260076305156,245.40929524371265,242.56626341463,244.27207946777344,32204200,0.0,0.0,2.843031829082662,0.0007772019902655,0.1636168138018812,0.0652488036161227,0.0007772019902654304,0.01163879161006504,241.87594604492188,233.16822204589843,0.03734524337244105,1.3635936584365733,-1.1383974705060487,60.83906511694602,1.4067052614031468,-0.6287970786314185
2025-02-20 05:00:00+00:00,244.34192533458383,246.17742890005937,243.6935033255141,245.2297515869141,32316900,0.0,0.0,2.4839255745452817,0.0002859347124836,0.3920514048217249,0.1782886387770863,0.00028593471248372637,0.010128973170960993,243.66357421875,234.27779846191407,0.04006259158339209,1.3448604866063159,-1.0268759494995525,61.80374175117252,1.922526401237036,-0.11853238265772764
2025-02-21 05:00:00+00:00,245.34944139409683,248.08275639920348,244.6212281548445,244.9504241943359,53197400,0.0,0.0,3.4615282443589876,0.0004880721299443,-0.1139043655064786,-0.0720813101054374,0.0004880721299442836,0.01413154623326033,244.46561279296876,235.38187713623046,0.038591482773675745,1.3611133539915783,0.04052766691439314,61.329196805412025,2.282468113080853,0.36166771648998847
2025-02-24 05:00:00+00:00,244.3319283268952,248.25234005966587,243.82317911276243,246.49664306640625,51326400,0.0,0.0,4.429160946903437,-0.002524983859387,0.6312374747486027,0.2966487951641908,-0.002524983859387042,0.01796844326886115,244.96439208984376,236.60711212158202,0.0353213387937692,0.8922254626015917,-0.045393159514188854,63.021782556993394,2.6618077903534925,0.8216957312626894
2025-02-25 05:00:00+00:00,247.3944454522674,249.38956194785015,244.3119941197594,246.4367828369141,48013300,0.0,0.0,5.077567828090764,0.0036422499499081,-0.0242843994739616,-0.0277332709480628,0.0036422499499082495,0.020603936513207022,245.47713623046874,237.47660598754882,0.03368976160683124,0.9060872338417769,-0.10943605336020523,62.90698874548229,2.9239020742930393,1.2421369998687595
2025-02-26 05:00:00+00:00,243.7334092806253,244.3818160551289,238.5461094200037,239.77310180664065,44433600,0.0,0.0,5.835706635125206,-0.0109698459993199,-2.70401234489549,-1.353784653421759,-0.010969845999319938,0.02433845410996632,244.57734069824218,237.59440231323242,0.029390163728705287,1.3167319486969773,-0.2429448565605084,51.63218899268046,2.564350082664987,1.5065796164280052
2025-02-27 05:00:00+00:00,238.82541422357912,241.86796980219768,236.4811463462344,236.72056579589844,41153600,0.0,0.0,5.386823455963281,-0.0039524349308613,-1.2730935987990244,-0.6457009150293272,-0.003952434930861282,0.02275604334524878,242.87550354003906,237.50476531982423,0.022613180889160533,1.2913022721668879,-0.4325852114475363,47.43782613945762,2.0099192954023977,1.6072475522228837
2025-02-28 05:00:00+00:00,236.3714220145579,241.49887076126777,229.63790389196947,241.24948120117188,56833400,0.0,0.0,11.860966869298297,-0.0014749195118161,1.9131905122169668,0.9310175192377362,-0.0014749195118161085,0.04916473523691325,242.13531494140625,237.72976150512696,0.01853177073155088,1.2823406404604298,0.5387656468551573,53.47643060873262,1.9139121377637593,1.6685804693310589
2025-03-03 05:00:00+00:00,241.19958958341564,243.43412542285543,235.53346633482457,237.4487762451172,47184000,0.0,0.0,7.900659088030864,-0.0002068050779127,-1.575425131333397,-0.7953083210227487,-0.00020680507791281943,0.033273109312111394,240.32574157714845,237.84394073486328,0.010434576700239617,1.2897494737728585,0.1671598369490421,48.446307869944846,1.513691751236081,1.6376027257120633
2025-03-04 05:00:00+00:00,237.1295800554318,239.4838181516717,234.10696453181083,235.3539123535156,53798100,0.0,0.0,5.376853619860867,-0.0013442738881748,-0.8822382345904711,-0.4522878870607426,-0.0013442738881748184,0.022845822132688886,238.10916748046876,238.25146408081054,-0.0005972538338463451,1.3012591829720979,1.1314151588623185,45.88443320300273,1.0157670724186971,1.5132355950533902
2025-03-05 05:00:00+00:00,234.84515699420857,235.97240266650644,228.67026910680244,235.1643829345703,47227600,0.0,0.0,7.302133559704004,-0.0021616609395591,-0.0805295382813042,-0.0555659261996276,-0.0021616609395591624,0.03105118840099044,237.1874237060547,238.4108573913574,-0.005131618998770793,1.292871723496658,0.31707533929850007,45.649233813252515,0.5989602955100963,1.3303805351447315
2025-03-06 05:00:00+00:00,233.86756011302523,237.27920752401755,232.59068676229825,234.75538635253903,45170400,0.0,0.0,4.688520761719303,-0.00551453755608,-0.1739194417655798,-0.1017795020351882,-0.005514537556080001,0.019971941153581942,236.7943878173828,238.56624298095704,-0.0074270992468773445,1.2678688747090916,0.03379314198668477,45.11184436667949,0.23295001309190866,1.110894430734167
2025-03-07 05:00:00+00:00,234.53591456798168,240.78062356819368,234.1867631010968,238.4862518310547,46273600,0.0,0.0,6.593860467096874,-0.0009348956288814,1.5892566030041522,0.7707202738118795,-0.0009348956288813826,0.027648807495066888,236.2417419433594,238.87080459594728,-0.011006211734560734,1.4200559661801329,0.07637028430943468,50.80145439174874,0.24115401788128565,0.9369463481635908
2025-03-10 04:00:00+00:00,234.96486230654432,235.583358769024,223.6725108894593,226.9245452880859,72071200,0.0,0.0,11.9108478795647,-0.0147655871039683,-4.847955156408412,-2.414705159926402,-0.014765587103968358,0.052488142542903876,234.13689575195312,238.87579193115235,-0.01983832744577585,1.98393603503805,2.66947161189391,37.7442165992225,-0.6774679136217685,0.614063495806519
2025-03-11 04:00:00+00:00,223.26349982428485,225.28854176632856,216.91902902029435,220.30075073242188,76137400,0.0,0.0,8.369512746034218,-0.016133316293102,-2.918941424893007,-1.4601413468881457,-0.016133316293102107,0.03799130378906361,231.1262634277344,238.53612365722657,-0.03106389135483756,2.0666701799654783,2.495827940968513,32.57803520469861,-1.9178593867483755,0.10767891929554008
2025-03-12 04:00:00+00:00,219.60246770742089,221.20853706339403,214.38524243690583,216.45018005371097,62547500,0.0,0.0,6.823294626488206,-0.0031696806419381,-1.7478699758893823,-0.8806418806904842,-0.003169680641938122,0.03152362647513179,227.3834228515625,237.75603332519532,-0.04362711780039452,2.005180228269082,1.1434206695800275,30.006799770344458,-3.1749881518957466,-0.5488544949427173
2025-03-13 04:00:00+00:00,215.42269353923288,216.31051974194543,207.9110813961123,209.16799926757812,61368300,0.0,0.0,8.399438345833119,-0.0047469884951036,-3.3643680889181127,-1.6805587383738418,-0.004746988495103688,0.040156421514020116,222.2659454345703,236.39985275268555,-0.05978813926293647,2.1412892844311027,0.9442049966895039,25.851323727765603,-4.704650601524435,-1.3800137162590609
2025-03-14 04:00:00+00:00,210.73416839029963,213.4275724686152,209.06824803363213,212.9687042236328,60107600,0.0,0.0,4.35932443498308,0.0074876134408972,1.8170585220316893,0.8834470340685476,0.007487613440897212,0.02046931942829247,217.16243591308594,235.00127639770508,-0.0759095472078608,2.1258758644340676,0.7908934858889739,31.206066677935922,-5.54629969688699,-2.213270912384647
2025-03-17 04:00:00+00:00,212.78914514941675,214.69448503570536,209.4573042902151,213.4774627685547,48073400,0.0,0.0,5.237180745490264,-0.0008431242274334,0.2388888765495034,0.1024968470373477,-0.0008431242274334894,0.024532710280373925,214.4730194091797,233.47501220703126,-0.08138769377599075,2.169012121582008,-0.29759079483331957,31.914860300216304,-6.101920959506202,-2.991000921808958
2025-03-18 04:00:00+00:00,213.6370814211214,214.624654360469,210.97360268345204,212.1706695556641,42432400,0.0,0.0,3.651051677016966,0.0007477072778392,-0.612145748756332,-0.3186338290627847,0.000747707277839238,0.017208088585774543,212.8470031738281,231.889892578125,-0.08212039426376128,2.17283252316794,-0.7604445088247228,31.030482117310385,-6.571944815184821,-3.7071897004841308
2025-03-19 04:00:00+00:00,213.6969181399133,218.22582565599035,213.2280645696868,214.7144317626953,54385400,0.0,0.0,4.997761086303541,0.0071934946872983,1.198922646734557,0.5775652622286781,0.007193494687298241,0.02327631657208361,212.499853515625,230.4120101928711,-0.07773968319729663,2.269181671692645,0.20791827830138426,34.81694832488327,-6.662381964056664,-4.298228153198638
2025-03-20 04:00:00+00:00,213.46749271646212,216.9589465476154,211.70181037410745,213.5772247314453,48862900,0.0,0.0,5.257136173507945,-0.0058074300641855,-0.5296369796450651,-0.2778047338805169,-0.005807430064185604,0.024614685297640392,213.38169860839844,228.82938385009766,-0.06750743712100693,2.259614542016214,-0.4410252216965895,33.92037613538879,-6.748030069351586,-4.788188536429227
2025-03-21 04:00:00+00:00,211.0434226778215,218.30564558008663,210.7641075832368,217.7370452880859,94127800,0.0,0.0,7.541537996849826,-0.0118636341342568,1.9476892079065111,0.9480890444240228,-0.01186363413425684,0.03463598941958492,214.33536682128906,227.46871490478514,-0.057736942370266164,2.3061628162268026,2.962535217956605,40.006216495241176,-6.40639512089794,-5.11182985332297
2025-03-24 04:00:00+00:00,220.460369765545,220.93919345594836,218.04628066528423,220.19102478027344,44299500,0.0,0.0,2.892912790664127,0.0125074007220769,1.1270381156043952,0.5419935236697363,0.0125074007220769,0.013138195771380498,215.6780792236328,226.1534339904785,-0.046319680325025425,1.903239920618456,-0.7792395186151946,43.322449822380925,-5.869966012380559,-5.263457085134488
2025-03-25 04:00:00+00:00,220.23093972638688,223.55281053469955,219.5426220965296,223.2036590576172,34493600,0.0,0.0,4.0101884381699335,0.0001812741738827,1.368191224120063,0.661327060300347,0.00018127417388269507,0.017966499541724603,217.88467712402343,224.99177780151368,-0.03158826845557039,1.7176422394077129,-1.3908285194312746,47.18236653548519,-5.1424684948380275,-5.239259367075196
2025-03-26 04:00:00+00:00,222.9642357514217,224.4705584289048,219.93166541277708,220.98907470703125,34466100,0.0,0.0,4.53889301612773,-0.0010726674786889,-0.9921810242430996,-0.5066925845454155,-0.001072667478688949,0.020538992808332327,219.1396057128906,224.0525764465332,-0.021927758259075447,1.640010604351403,-1.3084281400427007,44.76872860826186,-4.690550177210838,-5.1295175291023245
2025-03-27 04:00:00+00:00,220.84942102067788,224.4406368200556,220.02144584411215,223.3034210205078,37094800,0.0,0.0,4.419190975943451,-0.0006319483736402,1.0472672988674825,0.5025192919680553,-0.0006319483736402232,0.019790072878183088,221.08484497070313,223.38171920776367,-0.01028228381985119,1.0592248880863535,-1.09860255689115,47.77541545916288,-4.098409337228901,-4.92329589072764
2025-03-28 04:00:00+00:00,221.12873402087155,223.26350805320467,217.1484711493609,217.3679351806641,39818600,0.0,0.0,6.115036903843787,-0.0097387088370515,-2.6580362328164298,-1.3310335800945698,-0.009738708837051524,0.02813219391701591,221.01102294921876,222.1876419067383,-0.0052956093661293835,1.4053657752037836,-0.8413089948355602,41.53104541903202,-4.061261859085505,-4.750889084399213
2025-03-31 04:00:00+00:00,216.48010744476517,225.06908447075045,215.7020132379398,221.58761596679688,65299300,0.0,0.0,9.367071232810645,-0.0040844466556716,1.9412618437147255,0.9449084920150586,-0.0040844466556716474,0.04227253942844091,221.29034118652345,221.39458389282225,-0.00047084578342382333,1.5081204673594495,0.7787363601601072,46.84965660014784,-3.649262810830578,-4.530563829685486
2025-04-01 04:00:00+00:00,219.27328293515097,223.1338286051108,218.3655012478301,222.64503479003903,36412700,0.0,0.0,4.768327357280697,-0.0104443247947244,0.4772012274371073,0.2204246474676089,-0.010444324794724458,0.021416724436623402,221.17861633300782,220.75914001464844,0.0019001537980785077,1.4669663928487355,-1.0241536984327266,48.12315553703178,-3.2005319944083226,-4.264557462630054
2025-04-02 04:00:00+00:00,220.7796058888877,224.6401515625236,220.48033536050963,223.34332275390625,35905900,0.0,0.0,4.159816202013985,-0.0083784886687929,0.3136328481458061,0.1394835669154587,-0.008378488668792872,0.018625209613262236,221.64946594238282,220.16808700561523,0.00672839990988261,1.4461820003669459,-0.9951382450638057,48.99231670224202,-2.7567850842030737,-3.9630029869446584
2025-04-03 04:00:00+00:00,205.0381002304481,206.98335084549151,200.758582364718,202.69384765625,103419000,0.0,0.0,6.22476848077352,-0.0819600169718438,-9.245620080797822,-4.5908699689720995,-0.08196001697184385,0.03071019941034496,217.52755126953124,218.56501007080078,-0.004746682924835377,3.390736835952944,2.462714841505296,31.94672070743124,-4.024955346570948,-3.9753934588699167
2025-04-04 04:00:00+00:00,193.4165691841804,199.39194860307396,186.88255957870848,187.92002868652344,125910900,0.0,0.0,12.509389024365476,-0.0457699065824781,-7.288735766061139,-3.622514522542824,-0.04576990658247815,0.0665676198104081,211.63796997070312,216.0366989135742,-0.0203610264598183,3.8821743438221894,2.6640640676337415,25.193129450801763,-6.151205864853637,-4.4105559400666605
2025-04-07 04:00:00+00:00,176.76731422169505,193.6759230716255,174.19361217758157,181.0169219970703,160466300,0.0,0.0,19.482310894043938,-0.0593481947761548,-3.67342786061855,-1.8334955834108864,-0.05934819477615483,0.10762701453049371,203.52383117675782,213.74131774902344,-0.04780304846937955,3.832696048888799,2.8695393558006423,22.770850095856943,-8.297647620902097,-5.187974276233748
2025-04-08 04:00:00+00:00,186.24410709579757,189.8752182218586,168.79682446290911,171.9989776611328,120859500,0.0,0.0,21.07839375894949,0.0288767759448028,-4.981823929192353,-2.480949523098977,0.02887677594480298,0.12254952933777026,193.39461975097657,211.32622909545898,-0.08485273892046052,3.761767616887731,1.530472202360128,20.057716131288515,-10.604152845505979,-6.271209990088194
2025-04-09 04:00:00+00:00,171.53013119082922,200.1201531468693,171.47028013366514,198.3644561767578,184395900,0.0,0.0,28.64987301320417,-0.0027258677736288,15.328857690985508,5.0,-0.0027258677736288206,0.14443047693824218,188.3988464355469,210.42194290161132,-0.10466159642087303,6.802878785469204,2.5145593427655593,41.866492964537635,-10.187169731393595,-7.054401938349275
2025-04-10 04:00:00+00:00,188.60833789927736,194.30438674913324,182.553152263757,189.9550323486328,121880000,0.0,0.0,11.751234485376244,-0.0491827944658946,-4.239380376004243,-2.1135546531100724,-0.049182794465894686,0.06186324384293588,185.85108337402343,209.46129455566407,-0.11271873035887425,6.842292506713398,1.0237553322113342,38.27945653820176,-10.415217685470566,-7.726565087773533
2025-04-11 04:00:00+00:00,185.64558871717136,199.05275825525484,185.6056778647687,197.66615295410156,87435900,0.0,0.0,13.44708039048615,-0.0226866515626295,4.059445285616969,1.9930820897365715,-0.0226866515626295,0.06802925128819898,187.80030822753906,208.6961669921875,-0.10012574291999654,7.032449852863745,0.24802444075013957,43.094082691135505,-9.860063667453943,-8.153264803709616
2025-04-14 04:00:00+00:00,210.9237150406947,212.42005238891585,200.66881763194172,202.02549743652344,101352900,0.0,0.0,11.751234756974128,0.0670704715423463,2.205407661995684,1.0756198681846318,0.06707047154234624,0.05816708735325042,192.00202331542968,208.12356872558593,-0.0774614115492741,7.044088247572732,0.4938359587276524,45.67413128385996,-8.964994564513177,-8.31561075587033
2025-04-15 04:00:00+00:00,201.36709301089155,203.01305790446213,199.3121256140358,201.6464080810547,51343900,0.0,0.0,3.700932290426323,-0.0032590164805249,-0.1876443123659976,-0.1085711928353876,-0.0032590164805249566,0.018353574088652645,197.93150939941407,207.59735565185548,-0.046560546121074964,7.034827702479579,-0.6087749108642825,45.48102084735873,-8.191805163904547,-8.290849637477173
2025-04-16 04:00:00+00:00,197.8756484915953,200.2099310657198,191.9002692932641,193.7956390380859,59732400,0.0,0.0,8.309661772455684,-0.0186998599446594,-3.8933344351033794,-1.9423153677508944,-0.018699859944659503,0.042878476593699914,197.0177459716797,206.551416015625,-0.04615640128666132,7.088351102227857,-0.432026173091059,41.561920763368214,-8.11894826185366,-8.25646936235247
2025-04-17 04:00:00+00:00,196.71848747425943,198.34451232255947,193.9452767059697,196.4990234375,52164700,0.0,0.0,4.3992356165897775,0.0150821166600096,1.39496658068905,0.6745767256834296,0.015082116660009692,0.022388078778361117,198.32654418945313,205.69750595092773,-0.03583398703547269,6.5209399114372335,-0.6035400523181533,43.37147532656982,-7.753688420557324,-8.155913173993442
2025-04-21 04:00:00+00:00,192.79808650813249,193.3267911609043,189.34652827875263,192.6883544921875,46742500,0.0,0.0,3.980262882151663,-0.0188343782306107,-1.9392813657033492,-0.9753609504071288,-0.018834378230610738,0.02065647865768163,197.33098449707032,204.4450714111328,-0.034797057541955945,6.072178997400378,-0.6644871394462561,41.424282993902835,-7.6831400457141115,-8.061358548337576
2025-04-22 04:00:00+00:00,195.64111763020085,201.097762433896,195.49148998245192,199.25228881835935,52976400,0.0,0.0,5.6062724514440845,0.0153240352578394,3.406502870124406,1.6699764572342286,0.01532403525783943,0.028136552331174607,196.77634277343748,203.39813461303712,-0.03255581400585372,5.955123327318579,-0.5412421434716452,45.92755665410523,-7.016691258256685,-7.852425090321399
2025-04-23 04:00:00+00:00,205.4969935115097,207.49210995336895,202.30481024884085,204.1004180908203,52929200,0.0,0.0,5.187299704528101,0.0313406923964777,2.433161145205509,1.188322660193647,0.03134069239647763,0.025415429096376785,197.2671447753906,202.44297256469727,-0.025566843460829825,5.560116112685496,-0.5718125436618491,49.04360420301937,-6.027837123747531,-7.487507497006625
2025-04-24 04:00:00+00:00,204.38970763388747,208.32008954356945,202.44447210591895,207.8612060546875,47311000,0.0,0.0,5.875617437650504,0.0014173882923572,1.8426164919435497,0.8960942811119457,0.00141738829235738,0.02826702273681916,200.08025817871095,201.78657913208008,-0.008456067597301664,2.95431705471641,-0.7209325110878074,51.38403771679597,-4.884394677954674,-6.966884933196235
2025-04-25 04:00:00+00:00,205.86608387594285,209.2378355121778,205.69650080604464,208.76898193359375,38222300,0.0,0.0,3.5413347061331706,-0.0095983383172507,0.4367221263343435,0.2003937454238684,-0.009598338317250654,0.01696293517041538,202.53424987792968,201.0598571777344,0.007333103290190657,2.445641696284482,-0.9290315207671415,51.95763418114616,-3.860457424637758,-6.3455994314845405
2025-04-28 04:00:00+00:00,209.48723454234343,210.9835719319316,206.95344326011443,209.62689208984375,38743100,0.0,0.0,4.030128671817181,0.0034404182177702,0.4109375580146679,0.1876343671723516,0.0034404182177703024,0.019225246492181512,205.92195739746094,200.67280502319335,0.02615776648789514,2.1936757674505927,-0.9149535457943117,52.52768794430012,-2.9457962886386326,-5.6656388029153595
2025-04-29 04:00:00+00:00,208.18043904370697,211.72177396764008,207.86121308906752,210.6942901611328,36827600,0.0,0.0,3.860560878572557,-0.0069001311411746,0.5091894749990278,0.2362538886317611,-0.006900131141174604,0.018323044614166395,208.21035766601562,200.12813873291014,0.040385220110860987,2.121070294790381,-0.9072068386119226,53.27062276232321,-2.1104625463297566,-4.954603551598239
2025-04-30 04:00:00+00:00,208.78894157113288,213.0584895980106,206.1653585429303,211.9811248779297,52286500,0.0,0.0,6.893131055080289,-0.0090431904373999,0.6107591790042166,0.2865152021519058,-0.009043190437399984,0.032517664292279466,209.7864990234375,199.59494323730468,0.051061192337001016,2.1097582772621246,-0.5903570499264091,54.20118538527119,-1.3292944511999565,-4.229541731518583
2025-05-01 04:00:00+00:00,208.56948083895412,214.0360957896086,208.3899124386699,212.79913330078125,57365700,0.0,0.0,5.646183350938685,-0.0160940934762006,0.3858873865881351,0.1752384019371077,-0.01609409347620061,0.026532924562987194,210.77408447265626,199.06773376464844,0.058805867162017744,1.4437041901863488,-0.5098209661118259,54.8171404276197,-0.6368652779653416,-3.5110064408079347
2025-05-02 04:00:00+00:00,205.58677037884885,206.48458191182937,201.66637387157863,204.8485870361328,101010600,0.0,0.0,4.818208040250738,-0.033892820943674,-3.736174175771067,-1.8645453166852235,-0.03389282094367396,0.023520826333065528,209.99000549316406,199.17547073364258,0.054296519143081534,2.051534552937613,0.49361519727702763,48.05263756514335,-0.7213376758535901,-2.953072687817066
2025-05-05 04:00:00+00:00,202.6040848015313,203.60164304236295,197.72602561272544,198.40435791015625,69018500,0.0,0.0,5.875617429637515,-0.0109568841409954,-3.1458499271170837,-1.5724260038375066,-0.010956884140995382,0.029614356718405246,207.74549865722656,199.6996871948242,0.040289554657904736,2.2341125543350446,-0.1807945662901314,43.37994514460988,-1.2933689415037577,-2.6211319385544045
2025-05-06 04:00:00+00:00,197.72602851406057,200.1600578713198,196.538931754607,198.02528381347656,51216500,0.0,0.0,3.6211261167127873,-0.0034189238746602,-0.191061376207946,-0.1102621115868073,-0.0034189238746602513,0.018286180668341263,205.21169738769532,200.55010528564452,0.023244027199144535,1.953017355673358,-0.5307718703715398,43.11435638548369,-1.7570418674148698,-2.4483139243264977
2025-05-07 04:00:00+00:00,198.6836658614824,198.9530108388585,192.77812311451905,195.7707977294922,68536700,0.0,0.0,6.174887724339442,0.0033247373028688,-1.1384839554669737,-0.5790899353812873,0.003324737302868863,0.031541413714172226,201.96963195800782,201.7386962890625,0.0011447266845348025,1.767348011230046,-0.0010599520627388216,41.48751126783341,-2.2801401509119046,-2.414679169643579
2025-05-08 04:00:00+00:00,197.2372161152265,199.56152863729463,194.20463054641704,197.00778198242188,50478900,0.0,0.0,5.356898090877593,0.0074904858270053,0.6318533035958307,0.2969535353135142,0.007490485827005289,0.027191301972810215,198.81136169433594,201.6708625793457,-0.014179048219644108,1.632881763751701,-0.4889728606202545,42.76364895656477,-2.5653136787638005,-2.4448060714676236
2025-05-09 04:00:00+00:00,198.51409591462888,200.0503289543839,197.05765414160055,198.0452423095703,36453900,0.0,0.0,2.992674812783349,0.0076459615810577,0.52660880535218,0.244873766308534,0.007645961581057792,0.015111066430494762,197.45069274902343,202.07537307739258,-0.022885917556108915,1.6389855217819065,-1.1013975826618365,43.86935830699429,-2.6767455200289305,-2.491193961179885
2025-05-12 04:00:00+00:00,210.7308445260501,211.0305074927824,206.5156271207593,210.5510406494141,63775800,0.26,0.0,4.5148803720231,0.0640540619332352,6.31461689965549,3.109043671441392,0.06405406193323526,0.02144316341585208,199.880029296875,202.7196174621582,-0.014007466079661857,2.7174597873875523,0.40930867899793777,55.12350516876705,-1.7359319039382228,-2.3401415497315528
2025-05-13 04:00:00+00:00,210.19144790738707,213.1580823159532,208.7630762803323,212.68861389160156,51909300,0.0,0.0,4.395006035620895,-0.0017078649477006,1.0152280585241646,0.4866648172542125,-0.001707864947700588,0.02066404004993349,202.8126953125,203.2527732849121,-0.0021651757331507815,2.7310851435443597,-0.14065249615992922,56.72080346064815,-0.8085258560124657,-2.0338184109877355
2025-05-14 04:00:00+00:00,212.18917192393897,213.69746987061376,210.34127831689767,212.08929443359375,49325800,0.0,0.0,3.356191553716087,-0.0023482308644746,-0.2817825773754223,-0.1551550920228801,-0.0023482308644746652,0.0158244269833569,206.0763946533203,203.77491760253906,0.011294211661860398,2.7281140378746507,-0.311013449713459,56.117703848753024,-0.12052066575770937,-1.6511588619417303
2025-05-15 04:00:00+00:00,210.71086343228015,212.71859464512332,209.30245815432872,211.21029663085935,45029500,0.0,0.0,3.4161364907945995,-0.0064992955207609,-0.4144470399045197,-0.2208035076549254,-0.006499295520760895,0.016174100151779613,208.91689758300782,204.64565048217773,0.020871428690355076,2.7285164843966485,-0.5535222473648943,55.190815168554785,0.3497687117537396,-1.2509733472026365
2025-05-16 04:00:00+00:00,212.11926693678467,212.32903558469047,209.53220664773164,211.0205078125,54737900,0.0,0.0,2.796828936958832,0.0043036268611182,-0.0898577490713203,-0.0601819495669405,0.004303626861118293,0.01325382526064208,211.51195068359374,205.37172470092773,0.029898107890011127,2.4043630375856546,0.1021767257018734,54.979662162729284,0.6991032332767588,-0.8609580311067575
2025-05-19 04:00:00+00:00,207.67431083672193,209.2425231134968,204.02843943795537,208.54331970214844,46140500,0.0,0.0,5.214083675541417,-0.0158572122229527,-1.173908704907789,-0.5966197141224604,-0.015857212222952777,0.025002400858432777,211.11040649414062,206.1644729614258,0.02399023198162875,2.1563566904209215,-0.4836523638405443,52.173863490179926,0.7672209352593313,-0.5353222378335397
2025-05-20 04:00:00+00:00,207.4345828831543,208.2336790492342,204.79757620413463,206.62550354003903,42496600,0.0,0.0,3.436102845099583,-0.0053165779684417,-0.9196248361484471,-0.4707884795431443,-0.00531657796844176,0.01662961631662158,209.8977844238281,206.53313369750975,0.016291094150763463,2.1950074321595037,-0.687765526438867,50.04452981459059,0.6588580627952183,-0.2964861777077881
2025-05-21 04:00:00+00:00,204.93741112479617,206.80528635778637,200.4824756537251,201.86090087890625,59211800,0.0,0.0,6.322810704061283,-0.0081698163407778,-2.3059121838798213,-1.1567865701723834,-0.008169816340777847,0.031322612138020005,207.85210571289062,206.42115783691406,0.006932176386236,2.3163919047895494,0.4167389948244546,45.11796065056357,0.18636775883359746,-0.199915390399511
2025-05-22 04:00:00+00:00,200.4824720941681,202.52015274475195,199.4736073247078,201.13172912597656,46742400,0.0,0.0,3.04654542004414,-0.0068286071187459,-0.3612248581844501,-0.1944667491907886,-0.0068286071187458885,0.015147015507115592,205.83639221191407,206.0846839904785,-0.0012048046160281212,2.323303443812437,-0.4182302188597547,44.39762396988013,-0.24410834859318697,-0.20875398203824622
2025-05-23 04:00:00+00:00,193.4504526925712,197.4758830409797,193.24069928507132,195.04864501953125,78432900,0.0,0.0,4.235183755908395,-0.0381902769234101,-3.024427887573744,-1.512340850912069,-0.03819027692341015,0.021713474377042217,202.64201965332032,205.3986671447754,-0.013420960952546301,2.5348432780643066,1.5115984681315717,38.82818075776886,-1.0638543632042001,-0.379774058271437
2025-05-27 04:00:00+00:00,198.07520901450675,200.51244545494848,197.20618488735448,199.98304748535156,56288500,0.0,0.0,3.306260567593995,0.015516970111084,2.5298317070217013,1.236159655124379,0.015516970111083994,0.016532704192519985,200.92996520996093,204.91647491455078,-0.019454315258215393,1.5628476240739146,0.02821946547591355,44.86959563461892,-1.3003542706749727,-0.5638901007521442
2025-05-28 04:00:00+00:00,200.36260025266836,202.50017366149785,199.67338002302156,200.1927947998047,45339700,0.0,0.0,2.826793638476289,0.0018979247095661,0.1048825473411563,0.0361844146836965,0.0018979247095662899,0.01412035653582397,199.64342346191407,204.3914001464844,-0.0232298261138556,1.4893985156597174,-0.7511114533304396,45.11771802029905,-1.4540953893846051,-0.7419311584786364
2025-05-29 04:00:00+00:00,203.3492174371598,203.57895243464628,198.28495762525483,199.72332763671875,51396800,0.0,0.0,5.2939948093914495,0.0157669142913539,-0.234507522388816,-0.131761242610436,0.015766914291353906,0.026506642323829172,199.21590881347657,203.77851028442382,-0.02239000307038752,1.4905729589734606,-0.3322591489590835,44.63351294685432,-1.5954273171738294,-0.9126303902176751
2025-05-30 04:00:00+00:00,199.14398126681596,201.73105672211125,196.55692105301176,200.622314453125,70819900,0.0,0.0,5.174135669099485,-0.0029007446288726,0.4501160816033689,0.2070216842531171,-0.002900744628872687,0.025790429560159478,199.11402587890626,203.169669342041,-0.019961854917955102,1.5264584042723408,0.9297042041926041,45.83233604443253,-1.6162619041081996,-1.05335669299578
2025-06-02 04:00:00+00:00,200.05295557621693,201.9008644592711,199.89313329888972,201.47134399414065,35423300,0.0,0.0,2.0077311603813826,-0.0028379638549185,0.423197959474253,0.1937013719714555,-0.0028379638549185238,0.009965343559924695,200.39856567382813,203.0008071899414,-0.012818872752946464,1.5503032030351556,-1.5720355996136586,46.99952733304483,-1.546437507077087,-1.1519728558120415
2025-06-03 04:00:00+00:00,201.1217444882778,203.5389992121068,200.7321872237246,203.03956604003903,46381600,0.0,0.0,2.806811988382208,-0.0017352319140383,0.7783846649397352,0.3694639237720979,-0.0017352319140383488,0.01382396565913025,201.00986938476564,203.23256759643556,-0.010936722583181568,1.571949283051018,-0.5517699946795813,49.177860537590085,-1.349008229307799,-1.191379930511193
2025-06-04 04:00:00+00:00,202.6799822074808,206.0062091045683,201.8709028727957,202.590087890625,43604000,0.0,0.0,4.135306231772603,-0.0017710037485369,-0.221374660210516,-0.1252625045287865,-0.0017710037485370034,0.020412184400676037,201.48932800292968,203.46080780029297,-0.009689727563150119,1.5546048677288329,-0.7557300201181872,48.56179766497293,-1.2148096648627984,-1.196065877381514
2025-06-05 04:00:00+00:00,203.26931435006065,204.5178973620389,199.92310578136215,200.4025726318359,55126100,0.0,0.0,4.594791580676741,0.0033527131880329,-1.0797740805414402,-0.5500376164909028,0.003352713188032874,0.0229278073646187,201.62517700195312,203.69239654541013,-0.010148732002356109,1.4105114608355027,0.3452841794451321,45.56980990313366,-1.270326996384938,-1.210918101182199
2025-06-06 04:00:00+00:00,202.76987228695745,205.4668084267123,201.82095228760733,203.68882751464844,46607700,0.0,0.0,3.6458561391049784,0.0118127208849287,1.6398266946651363,0.7957446573779213,0.011812720884928796,0.017899146377298402,202.2384796142578,204.02644882202145,-0.008763418753238938,1.5025202026277893,-0.43566189787627757,50.50352601380461,-1.0371954336051488,-1.176173567666789
2025-06-09 04:00:00+00:00,204.15830357568728,205.76647909477697,199.79326227022588,201.2216339111328,72862600,0.0,0.0,5.973216824551088,0.0023048689845548,-1.2112562253018933,-0.6151009674658017,0.002304868984554842,0.029684764547678256,202.18853759765625,204.18526840209958,-0.00977901500959999,1.1457121120320397,1.7786665524171723,47.05504996862906,-1.0395357737748725,-1.1488460088884058
2025-06-10 04:00:00+00:00,200.3726011094186,204.11835001917973,200.34263633745985,202.44024658203125,54672600,0.0,0.0,3.7757136817198784,-0.0042193912513858,0.605607184084711,0.2839657605202729,-0.004219391251385818,0.018651003174854925,202.06867370605468,203.77972869873045,-0.008396590787523306,0.8585453878567613,0.18861603701009752,48.91064448220774,-0.9323115449042803,-1.1055391160915808
2025-06-11 04:00:00+00:00,203.26930749599725,204.26817387189897,198.18508130061548,198.55465698242188,60989900,0.0,0.0,6.083092571283487,0.0040953364163684,-1.9193760456297837,-0.9655108918415826,0.0040953364163685,0.030636866763704394,201.26158752441407,203.07303085327146,-0.008920157055055888,1.0752402253589761,0.7189372874470346,43.6567012533694,-1.1476408886935587,-1.1139594706119764
2025-06-12 04:00:00+00:00,198.85432303920933,199.45363372918547,197.13627162659284,198.97418212890625,43904600,0.0,0.0,2.317362102592625,0.0015092371105352,0.2112895022762018,0.0888394201806212,0.0015092371105351887,0.01164654669162712,200.9759094238281,202.4172752380371,-0.0071207648285650516,1.077220050964833,-0.7977916778923632,44.35175630727108,-1.2698012929263598,-1.1451278350748533
2025-06-13 04:00:00+00:00,199.50357538920457,200.1428492549886,195.47814514596445,196.227294921875,51447300,0.0,0.0,4.664704109024143,0.0026606128223979,-1.380524436708919,-0.6988625844346571,0.002660612822398045,0.023771943199244153,199.48360290527344,201.66812515258786,-0.010832263381541085,1.139851613960201,-0.15283021386209608,40.8025461746018,-1.570165246741709,-1.2301353174082246
2025-06-16 04:00:00+00:00,197.07634287373045,198.46476655376847,196.33717625414863,198.195068359375,43020700,0.0,0.0,2.1275902996198397,0.004326859584919,1.0028031208825672,0.4805163924617107,0.004326859584919074,0.010734829666710024,198.87828979492187,201.0268531799316,-0.010687942187935673,1.189583144897862,-0.8475216200390304,44.24466807461228,-1.6306261301099596,-1.3102334799485718
2025-06-17 04:00:00+00:00,196.97644196425617,198.16509536417735,194.98870767431248,195.418212890625,38856200,0.0,0.0,3.1763876898648675,-0.0061486211801656,-1.4010719296581595,-0.709030419374119,-0.006148621180165681,0.016254307328266698,197.47388305664063,200.37059783935544,-0.014456785645951986,1.1986948684313614,-1.1516879943048868,40.65237312618488,-1.880928670083847,-1.4243725179756268
2025-06-18 04:00:00+00:00,195.71787336797544,197.3460303816964,194.84886452825484,196.35714721679688,45394700,0.0,0.0,2.4971658534415724,0.0015334316741406,0.4804743182752258,0.2220443218223375,0.0015334316741406617,0.012717468596569418,197.0343811035156,199.85718002319337,-0.0141240806027092,1.2288812165937906,-0.6048412201075283,42.356599427790606,-1.9806988201683566,-1.5356377784141728
2025-06-20 04:00:00+00:00,198.01527480684123,201.4713439140944,196.6368343380514,200.7721405029297,96813500,0.0,0.0,4.834509576043018,0.0084444473427474,2.248450514132916,1.096919430955437,0.008444447342747408,0.02407958377060025,197.39397277832032,199.80274200439453,-0.01205573658254011,1.43002722236963,2.8138511426461448,49.674573764868256,-1.6841010537320358,-1.5653304334777456
2025-06-23 04:00:00+00:00,201.40143343464243,202.07067208145295,198.7344620242812,201.2715759277344,55814300,0.0,0.0,3.336210057171741,0.0031343638123116,0.2487573343361582,0.1073802092134355,0.0031343638123115802,0.01657566420789387,198.4028289794922,199.80973434448242,-0.007041225341727575,1.3191323294279742,0.07674792905844162,50.44104768966587,-1.392690848947268,-1.5308025165716501
2025-06-24 04:00:00+00:00,202.36033429336192,203.2093768046809,199.9730442780961,200.07293701171875,54064000,0.0,0.0,3.236332526584789,0.0054093995170904,-0.5955331300461553,-0.3104131490326434,0.0054093995170905185,0.016175763573637293,198.77840270996094,200.0609489440918,-0.006410777520050925,1.2757518420819494,0.04458788474407399,48.53066709593873,-1.2441248088813097,-1.473466975033582
2025-06-25 04:00:00+00:00,201.2216365357081,203.43912119943792,200.39257558111612,201.33151245117188,39525700,0.0,0.0,3.046545618321801,0.0057414038157597,0.6290583115593495,0.2955704460113665,0.005741403815759716,0.015131985953071641,199.9610626220703,200.1283721923828,-0.00083601124857835,1.2771115485802023,-0.9156048270007403,50.64438921459721,-1.0131496733874314,-1.381403514704352
2025-06-26 04:00:00+00:00,201.20164572639828,202.41028074115465,199.23389299836737,200.7721405029297,50799100,0.0,0.0,3.176387742787284,-0.0006450392350034,-0.2778362619104912,-0.1532022754741367,-0.000645039235003475,0.015820859083488896,200.84406127929688,200.15733947753907,0.0034309099209168803,1.103480126812961,-0.14639317801637083,49.66809003010076,-0.8652626465965625,-1.278175341082794
2025-06-27 04:00:00+00:00,201.66113009938155,202.98962419564972,199.77327327657756,200.85205078125,73188600,0.0,0.0,3.2163509190721697,0.0044278533576668,0.0398014774958932,0.0039793384972767,0.004427853357666933,0.016013532879358697,200.86004333496095,200.21377563476562,0.003227888281644775,1.1031773333613788,1.2911087005376107,49.8169217599818,-0.7331615903377724,-1.1691725909337898
2025-06-30 04:00:00+00:00,201.7809871041056,207.15489297707504,199.0341046248948,204.9374084472656,91912800,0.0,0.0,8.120788352180227,0.0046249780335443,2.0340134193924664,0.9908061941919618,0.004624978033544336,0.0396257004209647,201.59320983886718,200.42953033447264,0.00580592841011307,1.1224669699298915,2.1994950448044417,56.8430349067292,-0.2954110163179564,-0.9944202760106232
2025-07-01 04:00:00+00:00,206.4357061767528,209.95171998702364,205.90630823197935,207.58441162109375,78788900,0.0,0.0,4.0454117550442845,0.0073110016411315,1.2916154224275056,0.6234338674962265,0.00731100164113152,0.01948803247533067,203.0955047607422,200.73518371582028,0.011758382368401321,1.1420757918809932,1.2774488087866585,60.683966716565735,0.2620794132772346,-0.7431203381530517
2025-07-02 04:00:00+00:00,208.6731759252599,213.09814660534315,207.9040445567577,212.1991729736328,67941800,0.0,0.0,5.194102048585449,0.0052449232370756,2.2230770203315764,1.0843634710898318,0.005244923237075705,0.024477484882709,205.26903686523437,201.1931640625,0.020258505410592598,1.0540716339311649,0.5734790005132288,66.31292991017386,1.064002115148071,-0.38169584749282714
2025-07-03 04:00:00+00:00,211.90950026104147,214.4066662563,211.56988934364432,213.30792236328125,34955800,0.0,0.0,2.8367769126556936,-0.0013650982166048,0.5225041050401336,0.2428425737269403,-0.0013650982166049097,0.013298975871249756,207.77619323730468,201.72905578613282,0.029976531777270887,1.0525961581275252,-1.3171421741057947,67.51628349681957,1.768610996812015,0.048365521368141276
2025-07-07 04:00:00+00:00,212.43889126622693,215.9848699115094,208.563300132892,209.7119903564453,50229000,0.0,0.0,7.421569778617396,-0.0040740685457255,-1.6857939297312052,-0.8499238270286589,-0.004074068545725562,0.03538934405230254,209.54818115234374,202.19452667236328,0.036369206432063095,1.1921643928659733,-0.42194048690813396,60.0270130943102,2.0136449064385715,0.4414213983822274
2025-07-08 04:00:00+00:00,209.8618364392891,211.1903153368944,208.213697736729,209.7719268798828,42848900,0.0,0.0,2.9766176001654117,0.0007145327388725,0.0285803989250377,-0.0015733620211291,0.0007145327388724532,0.01418978051276541,210.51508483886718,202.498681640625,0.039587434018306,1.198167779699619,-0.8273923125800722,60.106445638974265,2.1874567815890202,0.790628475023586
2025-07-09 04:00:00+00:00,209.2924745188519,211.09043707809712,206.98509558510867,210.9006500244141,48749400,0.0,0.0,4.105341492988458,-0.0022855887733035,0.5380715910463962,0.2505460745153375,-0.0022855887733036484,0.019465760264433606,211.17833251953124,202.98263244628907,0.04037636114218213,1.1436992022463401,-0.4305073990593566,61.65190036391329,2.388746486964777,1.1102520774118243
2025-07-10 04:00:00+00:00,210.27134950514616,213.237983779078,209.7918979255535,212.1692047119141,44443600,0.0,0.0,3.446085853524494,-0.0029838718808836,0.6014939675876629,0.2819303537426396,-0.0029838718808836706,0.01624215850836426,211.1723388671875,203.46908035278324,0.03785960255508125,1.143478669288653,-0.6425348500004552,63.36942788152184,2.6204251601285193,1.4122866939551635
2025-07-11 04:00:00+00:00,210.33129628612951,211.88952536572023,209.6220944658076,210.92062377929688,39765800,0.0,0.0,2.267430899912626,-0.0086624655462139,-0.588483580504795,-0.3069247109876138,-0.008662465546213971,0.010750162119211348,210.69487915039062,204.08737869262697,0.03237584068202026,1.171779834244452,-0.8348343916067329,60.49739935077488,2.67247549735427,1.664324454634985
2025-07-14 04:00:00+00:00,209.69201166358403,210.670911689046,207.3047216270235,208.3834991455078,38840100,0.0,0.0,3.366190062022497,-0.0058249975450406,-1.2028812490351148,-0.6109566479367537,-0.005824997545040622,0.016153822523500238,210.42918090820314,204.55784454345707,0.028702572506324797,1.2863566329106046,-0.8631391247817201,55.03872581114654,2.4804084061906337,1.8275412449461148
2025-07-15 04:00:00+00:00,208.9828312368767,211.64980271899068,208.6831682659836,208.8729553222656,42296300,0.0,0.0,2.9666344530070887,0.0028761014851295,0.2348824061237264,0.1005142630754128,0.002876101485129512,0.014203056821932415,210.2493865966797,205.19012756347655,0.024656444699748148,1.1469975063972946,-0.6387449727281184,55.86605783014538,2.3407066661748672,1.9301743291918654
2025-07-16 04:00:00+00:00,210.06160887608695,212.1592191902425,208.40348697906975,209.92176818847656,47490500,0.0,0.0,3.755732211172756,0.0056907968386209,0.502129567034082,0.2327603247671723,0.005690796838620837,0.017891104117419124,210.0536102294922,205.77646255493164,0.020785407725719685,1.0889305161109812,-0.36771822537496024,57.66377842477015,2.2882449997499634,2.0017884633034853
2025-07-17 04:00:00+00:00,210.33130094399476,211.5599023237274,209.35240091776063,209.78192138671875,48068100,0.0,0.0,2.207501405966781,0.0019508827457593,-0.0666185326870238,-0.0486821273306372,0.0019508827457592748,0.01052283910536505,209.57615356445314,206.49464797973633,0.014922931973613274,0.7991280912223394,-0.3672372732584301,57.32845881322545,2.209909818225583,2.0434127342879047
2025-07-18 04:00:00+00:00,210.63095139102305,211.54990664350103,209.46227954032304,210.9405975341797,48974600,0.0,0.0,2.0876271031779936,0.0040472029176392,0.5523241182089356,0.257598873804131,0.00404720291763927,0.009896753529579461,209.58014831542968,207.22382049560548,0.011370931267403073,0.801808396231533,-0.32778299719734344,59.43330191968854,2.215781949099636,2.077886577250251
2025-07-21 04:00:00+00:00,211.8595616297783,215.53538252867688,211.39009321998003,212.23912048339844,51377400,0.0,0.0,4.145289308696846,0.0043565065536979,0.6155870251616014,0.2889042402191128,0.004356506553697903,0.01953122166759589,210.3512725830078,207.79716949462892,0.012291327618131564,0.6049313053031438,-0.07675000937845769,61.712641596913286,2.2987174213847936,2.1220527460771597
2025-07-22 04:00:00+00:00,212.89838571641525,214.7063314773177,211.9894136266437,214.15695190429688,46404100,0.0,0.0,2.7169178506739797,0.0031062380559967,0.9036182474420285,0.4314352016747795,0.003106238055996746,0.012686573218917144,211.40807189941407,208.44143829345703,0.014232456032952756,0.6514912580705919,-0.3825577546604158,64.85362348038142,2.490488546678364,2.195739906197401
2025-07-23 04:00:00+00:00,214.75626907170553,214.90609293027535,212.1692088371252,213.9072265625,46989300,0.0,0.0,2.736884093150138,0.0027984950387063,-0.1166085618871104,-0.0734194695835828,0.002798495038706328,0.012794724783879463,212.20516357421874,209.1331527709961,0.014689257836544733,0.6476329658295723,-0.3180209168991203,64.11603595747363,2.592433833569231,2.275078691671767
2025-07-24 04:00:00+00:00,213.65751035981805,215.44548969662856,213.28793468034505,213.5176696777344,46022600,0.0,0.0,2.15755501628351,-0.0011674042373177,-0.1821148780365211,-0.1058349770007065,-0.0011674042373177596,0.010104807810706917,212.9523132324219,209.74246063232422,0.015303780600364414,0.6333147286407654,-0.4115034547217489,62.91399428092662,2.6116863286896717,2.342400219075348
2025-07-25 04:00:00+00:00,214.45660521718813,214.9960015887686,213.15807589620647,213.63754272460935,40268800,0.0,0.0,1.8379256925621237,0.0043974605983236,0.0561419797508344,0.0120653629172187,0.004397460598323688,0.008603008952089061,213.4917022705078,210.3857307434082,0.014763223323770669,0.5907654969774984,-0.7588502106630368,63.1429800133299,2.6065699074813153,2.395234156756542
2025-07-28 04:00:00+00:00,213.78737619229815,214.6064539631857,212.81847455673216,213.8073577880859,37858000,0.0,0.0,1.7879794064535304,0.0007013442758136,0.0794874633506914,0.0236177710096147,0.0007013442758136978,0.008362571919651509,213.80534973144532,211.03349609375,0.013134661980219287,0.3656766754007942,-0.8384600969339949,63.48692275530489,2.586403315786498,2.433467988562533
2025-07-29 04:00:00+00:00,213.93719187335407,214.5664825639156,210.58101550100253,211.0305023193359,51411700,0.0,0.0,3.9854670629130737,0.000607247975988,-1.2987651582609503,-0.6584043713532818,0.0006072479759879901,0.01888573935573626,213.18005981445313,211.33815078735353,0.008715459183481267,0.6138124484643953,0.36895839442865813,54.52637950247367,2.3196130619283224,2.410697003235691
2025-07-30 04:00:00+00:00,211.65977882345743,212.14922883427735,207.4845246907379,208.81301879882812,45512500,0.0,0.0,4.6647041435394385,0.0029819220312013,-1.0507881543835973,-0.5356940606386904,0.0029819220312012895,0.02233914422756105,212.16121826171874,211.39958114624022,0.0036028317149390254,0.6933312418751783,-0.07331434576357139,48.62441902187592,1.907261749583796,2.3100099525053124
2025-07-31 04:00:00+00:00,208.25365677749065,209.60211724381097,206.92516266487007,207.3347015380859,80698400,0.0,0.0,2.6769545789408937,-0.0026787698609748,-0.7079622090835458,-0.3660481756936519,-0.0026787698609748167,0.012911271287836765,210.92462463378905,211.1563575744629,-0.0010974471398149666,0.7239465507926032,3.671613116346619,45.118242783331375,1.4445308629915985,2.1369141346025695
2025-08-01 04:00:00+00:00,210.63095505795985,213.33788973606855,201.27158167093617,202.1505889892578,104434500,0.0,0.0,12.066308065132375,0.0158982239606834,-2.5003593273920988,-1.253007869022165,0.015898223960683522,0.059689700264853415,208.62723388671876,210.5984909057617,-0.009360261845015039,1.0016752141362726,3.492664579925673,35.461548714819045,0.6519830891112406,1.8399279255043037
2025-08-04 04:00:00+00:00,204.27816503495924,207.64435521756303,201.4513712516652,203.11949157714844,75109300,0.0,0.0,6.192983965897838,0.0105247086161816,0.4792974350137147,0.2214619464067274,0.01052470861618171,0.030489363269923464,206.48966064453126,210.26886596679688,-0.017973204472707782,0.986833822828114,1.4365144245705388,38.126982924215454,0.1009024688474085,1.4921228341729247
2025-08-05 04:00:00+00:00,203.1694082424696,205.1072113881769,201.93082373064988,202.68995666503903,44155100,0.0,0.0,3.176387657527016,0.0002457502474704,-0.2114690760469217,-0.1203607705312044,0.00024575024747042207,0.01567116452038245,204.82155151367186,209.91476745605468,-0.0242632569595137,0.8756558548860711,-0.44207046312470205,37.389749495603176,-0.3662706308306838,1.120444141172203
2025-08-06 04:00:00+00:00,205.39689808550256,215.1358452662651,205.3569348951669,213.0082550048828,108483100,0.0,0.0,9.77891037109822,0.0133550841146853,5.090680618623633,2.503384279675522,0.013355084114685445,0.04590859810045417,205.6605987548828,210.02014770507813,-0.020757765375525983,1.9936014318166155,2.5967589291727284,58.26614057237869,0.09499670144131755,0.9153546532260259
2025-08-07 04:00:00+00:00,218.63187314031333,220.59964108330857,216.33447747046455,219.7805633544922,90224800,0.0,0.0,4.26516361284402,0.0264009398851777,3.179364268982976,1.5575779368652678,0.026400939885177666,0.019406464101034176,208.14977111816407,210.40071563720704,-0.01069836912020905,2.233098046037781,1.513694369452879,66.22600607775274,0.9955470243988884,0.9313931274605984
2025-08-08 04:00:00+00:00,220.57966572513484,230.73813503605493,219.00145500716468,229.0900115966797,113854000,0.0,0.0,11.736680028890248,0.0036359101025405,4.235792328538146,2.0803466348036608,0.003635910102540496,0.05123174051583292,213.53765563964845,211.30918502807617,0.010546018675317903,2.548810876896368,2.125019940751313,73.66243862323944,2.4323951768119514,1.231593537330869
2025-08-11 04:00:00+00:00,227.9199981689453,229.55999755859375,224.7599945068359,227.17999267578125,61806100,0.26,0.0,4.800003051757841,-0.0051072214784912,-0.8337416841468825,-0.4282895860873913,-0.005107221478491297,0.021128634591551117,218.349755859375,212.24900970458984,0.028743343317720216,2.59070544454293,0.009508248463387447,70.24503506926519,3.378045123880838,1.660883854640863
2025-08-12 04:00:00+00:00,228.0099945068359,230.8000030517578,227.07000732421875,229.6499938964844,55626200,0.0,0.0,3.7299957275390625,0.0036534988018913,1.0872441677679756,0.5223016666539042,0.003653498801891475,0.016242089382420676,223.74176330566405,213.2878616333008,0.049013111164930345,2.5008059032262118,-0.27263261054478516,72.05080985500186,4.277479850741571,2.1842030538610047
2025-08-13 04:00:00+00:00,231.07000732421875,235.0,230.42999267578125,233.3300018310547,69878500,0.0,0.0,4.57000732421875,0.0061833810819713,1.602441991019199,0.7772450040687992,0.006183381081971362,0.019586025321886025,227.80611267089844,214.4582733154297,0.06223979681043357,2.41277244180913,0.2710986310508864,74.53082997955997,5.226980855447266,2.792758614178257
2025-08-14 04:00:00+00:00,234.05999755859375,235.1199951171875,230.8500061035156,232.77999877929688,51916300,0.0,0.0,4.269989013671903,0.0031285977877273,-0.2357189591744135,-0.1323607166828193,0.0031285977877273385,0.01834345320072091,230.40599975585937,215.6081771850586,0.06863293760004141,2.376892555697361,-0.4859828996245908,73.48137388980612,5.867450278304972,3.4076969470036005
2025-08-15 04:00:00+00:00,234.0,234.27999877929688,229.33999633789065,231.58999633789065,56010500,0.0,0.0,4.940002441406222,0.0052410053574226,-0.5112133549474263,-0.268687885641418,0.005241005357422557,0.021330811000138106,230.90599670410157,216.64064712524413,0.06584798267617042,2.1010273145725606,-0.33207158428297834,71.14709406009842,6.207448061248783,3.967647169852637
